source,target,weight
25073877,964658316021587970,15.0
25073877,816736590412337158,13.0
282098746,7744592,12.0
236487888,631816995,12.0
785287888833548289,818446043629101056,12.0
25073877,1083467443647979521,11.0
25073877,1505915954,9.0
25073877,992870137240764417,9.0
2353605901,1505915954,8.0
25073877,4872993094,8.0
2771588954,29270341,8.0
1083467443647979521,11134252,8.0
2228878592,1131542859902083072,8.0
25073877,1196133331433394177,8.0
259001548,1505915954,7.0
2865907814,326098537,7.0
967797299391983616,818446043629101056,7.0
1505915954,729676086632656900,7.0
2540607781,939091,7.0
1073047860260814848,839132575310430208,7.0
1083467443647979521,729676086632656900,7.0
330553026,59862199,6.0
797127998164107264,34860936,6.0
857472736725155844,34860936,6.0
1073047860260814848,2300454984,6.0
900894056728940545,1172545640360022019,6.0
878980172342579200,1110304448868433920,6.0
25073877,936858992,6.0
857472736725155844,3885806474,6.0
25073877,822215673812119553,5.0
25073877,3353061012,5.0
849448663546040320,939091,5.0
236487888,1086976130819809280,5.0
1434240264,939091,5.0
2228878592,1172589774235938816,5.0
800570658929262592,129264927,5.0
857472736725155844,1000075108491382784,5.0
1505915954,11134252,5.0
839132575310430208,818446043629101056,5.0
779742611628175360,34860936,4.0
24970656,919667724535648262,4.0
24970656,817825066993860608,4.0
236487888,839132575310430208,4.0
967027984426242053,357232722,4.0
1505915954,3353061012,4.0
2771588954,1044296977859538944,4.0
1382330306,34860936,4.0
830886553123700736,34860936,4.0
65497475,34860936,4.0
216776631,947964830358622209,4.0
2228878592,21563711,4.0
216776631,1148756502934540289,4.0
3827654235,818446043629101056,4.0
25073877,22203756,4.0
357606935,437171587,4.0
954845161309253632,3353061012,4.0
22307579,939091,4.0
236487888,742736402102652929,4.0
967027984426242053,752037810,4.0
282098746,2501984838,4.0
707253890299744256,41634520,4.0
967027984426242053,962320061036933120,4.0
1505915954,25202268,4.0
325164172,830886553123700736,4.0
2228878592,2500055300,4.0
25073877,1070785811396919297,4.0
134971995,17919393,4.0
4872993094,931286316,4.0
2865907814,4751330773,4.0
779742611628175360,45592950,4.0
939091,52416576,4.0
45592950,797127998164107264,4.0
22307579,65497475,4.0
931286316,774699551764525056,4.0
325164172,65497475,4.0
45592950,15731757,4.0
786179658,857472736725155844,3.0
236487888,2323448533,3.0
939091,754455561417089024,3.0
25073877,774699551764525056,3.0
20640982,17204460,3.0
236487888,3827654235,3.0
236487888,895332348270661632,3.0
820352025271468032,63514682,3.0
800570658929262592,3017400805,3.0
216776631,521996289,3.0
18266688,1070785811396919297,3.0
760293057929420803,992870137240764417,3.0
967027984426242053,2230551446,3.0
617266600,4771610420,3.0
2228878592,1164013468854431744,3.0
949934436,313037820,3.0
832102581111382016,939091,3.0
857472736725155844,3224321133,3.0
895332348270661632,14247236,3.0
2228878592,408875175,3.0
259001548,4872993094,3.0
25073877,707253890299744256,3.0
357606935,631816995,3.0
349115430,734768872625188864,3.0
2500055300,21258337,3.0
1210594819497549825,15115280,3.0
3141672447,802584787,3.0
2353605901,1127683471592296448,3.0
25073877,1139976128456617984,3.0
2228878592,1139976128456617984,3.0
954845161309253632,817382752731463680,3.0
3885806474,818446043629101056,3.0
1210594819497549825,402888514,3.0
25073877,454447505,3.0
3191478638,47471027,3.0
50124767,286476728,3.0
216776631,858136801537556480,3.0
246590464,4081106480,3.0
839132575310430208,65497475,3.0
967797299391983616,65497475,3.0
3074932775,1110304448868433920,3.0
839132575310430208,1382330306,3.0
803774148338188289,1009577803304656896,3.0
839132575310430208,1009577803304656896,3.0
25073877,25436570,3.0
3827654235,1009577803304656896,3.0
3885806474,212391284,3.0
2865907814,1123329338,3.0
1000075108491382784,321774180,3.0
818446043629101056,1164356807776702465,3.0
325164172,864487498935787520,3.0
65497475,862435303881023488,3.0
758859209614041088,838976832,3.0
23318036,755057200901398528,3.0
800570658929262592,2655144752,3.0
857472736725155844,4560567675,3.0
402091536,34860936,2.0
454513795,996859430900727808,2.0
752248514,2655144752,2.0
2176138431,111664523,2.0
1169665468715716608,34860936,2.0
25073877,34916539,2.0
17642747,4560567675,2.0
797127998164107264,4560567675,2.0
738786290313920513,32517688,2.0
967027984426242053,534630009,2.0
3827654235,857472736725155844,2.0
1219807037304885249,857472736725155844,2.0
236487888,1099701111416442880,2.0
357606935,485376798,2.0
964658316021587970,91882544,2.0
25073877,91882544,2.0
43014978,786179658,2.0
2918212191,4917550806,2.0
1651208408,1172545640360022019,2.0
357606935,1612071392,2.0
25073877,4165642155,2.0
3003886063,34860936,2.0
967027984426242053,2389738746,2.0
2865907814,4771610420,2.0
865602530574688257,63013144,2.0
467726691,755057200901398528,2.0
20640982,755057200901398528,2.0
477012156,888053122962149380,2.0
1049171,2217145184,2.0
27952164,14185317,2.0
4872993094,534023,2.0
1640929196,45592950,2.0
27282113,1164356807776702465,2.0
846801440706351104,1164356807776702465,2.0
236487888,1164356807776702465,2.0
138168339,881564280180531200,2.0
134971995,136550204,2.0
1214683688694427648,136550204,2.0
939091,16475267,2.0
918302785011093504,4459642286,2.0
43014978,34860936,2.0
24970656,29270341,2.0
366498596,29270341,2.0
760293057929420803,799111347111751680,2.0
975448388,7860902,2.0
402888514,809963614249619456,2.0
831319111414210560,216065430,2.0
2502938032,216065430,2.0
22307579,1640929196,2.0
325164172,1640929196,2.0
837420063351259140,1640929196,2.0
24970656,1640929196,2.0
900894056728940545,36807657,2.0
45592950,864487498935787520,2.0
1210594819497549825,864487498935787520,2.0
24970656,4482329417,2.0
839132575310430208,1204026067855519744,2.0
802584787,14372270,2.0
402091536,45592950,2.0
4459642286,45592950,2.0
75063842,45592950,2.0
43014978,45592950,2.0
399178595,45592950,2.0
1122623265673891840,40735297,2.0
467726691,26642006,2.0
940409602155282432,960285302899298304,2.0
2230551446,3058713120,2.0
1078457644736827392,4459642286,2.0
27493883,20640982,2.0
1000075108491382784,36807657,2.0
3885806474,36807657,2.0
3224321133,36807657,2.0
939091,29270341,2.0
978864793477054465,954845161309253632,2.0
4165642155,954845161309253632,2.0
1139976128456617984,2155027064,2.0
30626499,4270724112,2.0
1649395076,23318036,2.0
29073978,1106501,2.0
25073877,715044396,2.0
3885806474,753367570669903873,2.0
63218422,753367570669903873,2.0
1073047860260814848,2502938032,2.0
22307579,4486093643,2.0
3074932775,26306441,2.0
829191420103766016,108977933,2.0
967027984426242053,24970656,2.0
967027984426242053,3383116294,2.0
385162111,809586511331074048,2.0
16582131,1080807139,2.0
34093672,1080807139,2.0
1505915954,778763106289758208,2.0
811215353183424513,15115280,2.0
216776631,2559436158,2.0
24970656,829191420103766016,2.0
1110304448868433920,1382330306,2.0
3224321133,1382330306,2.0
22203756,729676086632656900,2.0
707253890299744256,729676086632656900,2.0
24970656,18320938,2.0
326098537,18320938,2.0
22307579,1075121162743676928,2.0
1078741623197048832,1075121162743676928,2.0
1000075108491382784,166329578,2.0
800570658929262592,4870478255,2.0
2470055959,1009577803304656896,2.0
203649189,1009577803304656896,2.0
325164172,1009577803304656896,2.0
2574904722,1009577803304656896,2.0
3074932775,1009577803304656896,2.0
884026348515115008,15115280,2.0
75063842,785287888833548289,2.0
1434240264,1523891821,2.0
774699551764525056,389512058,2.0
1000075108491382784,38029205,2.0
52416576,212391284,2.0
884026348515115008,212391284,2.0
754455561417089024,1080807139,2.0
1086976130819809280,1080807139,2.0
727614725882662912,1080807139,2.0
865602530574688257,1080807139,2.0
20640982,823992170768121857,2.0
885661050,802584787,2.0
2470055959,23554832,2.0
357606935,1123329338,2.0
839132575310430208,1685873604,2.0
967797299391983616,1685873604,2.0
3827654235,1685873604,2.0
774699551764525056,27995424,2.0
65497475,1153872343275622402,2.0
408875175,21258337,2.0
216776631,3316346737,2.0
164679813,2750799759,2.0
1001254470800424960,11134252,2.0
4872993094,11134252,2.0
347627434,11134252,2.0
884026348515115008,1009577803304656896,2.0
839132575310430208,18509967,2.0
325164172,18509967,2.0
2574904722,18509967,2.0
408875175,292565344,2.0
1127683471592296448,3981225735,2.0
1317738854,212445456,2.0
477012156,727840825661661184,2.0
785287888833548289,65497475,2.0
3074932775,65497475,2.0
785287888833548289,115129636,2.0
1127683471592296448,11134252,2.0
162301746,11134252,2.0
707253890299744256,11134252,2.0
884026348515115008,818446043629101056,2.0
803774148338188289,818446043629101056,2.0
3017400805,818446043629101056,2.0
408875175,1071931879538884608,2.0
18266688,964658316021587970,2.0
341194704,714949505720823808,2.0
4917550806,1100182336132579329,2.0
3224321133,65497475,2.0
786179658,65497475,2.0
121965768,65497475,2.0
203649189,65497475,2.0
3383116294,65497475,2.0
21059255,785287888833548289,2.0
18266688,1127683471592296448,2.0
818893114979061761,52416576,2.0
1044296977859538944,29270341,2.0
216776631,828444718392627202,2.0
25073877,379690254,2.0
3017400805,927751333247111168,2.0
25073877,61015562,2.0
216065430,964549422645424128,2.0
1078457644736827392,51241418,2.0
4165642155,964658316021587970,2.0
2178932921,27943005,2.0
19038210,27943005,2.0
1210594819497549825,27943005,2.0
15771723,755057897583804416,2.0
2918212191,755057897583804416,2.0
939091,797932204168876032,2.0
33537967,797932204168876032,2.0
2228878592,158414847,2.0
1083467443647979521,4081106480,2.0
15455253,4081106480,2.0
1505915954,3530404094,2.0
1110304448868433920,739844197935644672,2.0
4872993094,940409602155282432,2.0
216776631,945012234215755776,2.0
857472736725155844,803774148338188289,2.0
2977031254,803774148338188289,2.0
357232722,2323448533,2.0
804758133113397248,2323448533,2.0
857472736725155844,1110304448868433920,2.0
900894056728940545,797127998164107264,2.0
1121521087945162752,353432348,2.0
964658316021587970,1108472017144201216,2.0
15115280,483605396,2.0
945012234215755776,1022225378054569984,2.0
3141672447,1022225378054569984,2.0
1466174058,30288543,2.0
1110304448868433920,20800248,2.0
895332348270661632,799010005655633922,2.0
878980172342579200,1000075108491382784,2.0
75063842,1000075108491382784,2.0
1073047860260814848,1214683688694427648,2.0
21059255,1214683688694427648,2.0
967027984426242053,1214683688694427648,2.0
33537967,754455561417089024,2.0
1073047860260814848,754455561417089024,2.0
471677441,754455561417089024,2.0
967027984426242053,754455561417089024,2.0
829816396469194752,839132575310430208,2.0
123281100,839132575310430208,2.0
1089233982422577152,1068285150641995776,2.0
885661050,1068285150641995776,2.0
216776631,1068285150641995776,2.0
802584787,2918212191,2.0
3141672447,2918212191,2.0
3128563494,12354832,2.0
939091,4071896566,2.0
617266600,4071896566,2.0
1218605146462216193,33537967,2.0
2905369549,467726691,2.0
1286506538,467726691,2.0
849448663546040320,467726691,2.0
978864793477054465,158286198,2.0
796899745889402880,158286198,2.0
216776631,68752979,2.0
22307579,220863206,2.0
846801440706351104,169472184,2.0
236487888,169472184,2.0
992870137240764417,817158775610179584,2.0
1078457644736827392,817825066993860608,2.0
1169665468715716608,1000075108491382784,2.0
939091,313037820,2.0
934500442364559360,3885806474,2.0
43014978,3885806474,2.0
954845161309253632,528999980,2.0
939091,3188352661,2.0
1034868411354861568,3188352661,2.0
817158775610179584,3353061012,2.0
454513795,3353061012,2.0
707253890299744256,3353061012,2.0
945012234215755776,930882041566068742,2.0
385162111,1041718006747820032,2.0
1099701111416442880,824126001936474113,2.0
4165642155,929072087880421376,2.0
72627916,65728343,2.0
1110304448868433920,1106771843929788419,2.0
216776631,18534077,2.0
326098537,939091,2.0
63218422,939091,2.0
27493883,939091,2.0
25073877,78685709,2.0
803091707361251328,939091,2.0
468097166,939091,2.0
3224321133,939091,2.0
832368258766434304,939091,2.0
1127347059676385280,939091,2.0
1383905040,939091,2.0
896496644656685056,939091,2.0
282098746,939091,2.0
1073047860260814848,895332348270661632,2.0
800570658929262592,16582131,2.0
2389738746,939091,2.0
837420063351259140,3421301013,2.0
244655353,851751855487148032,2.0
477012156,385162111,2.0
967027984426242053,385162111,2.0
24970656,1169665468715716608,2.0
19080151,2300454984,2.0
2470055959,939091,2.0
325164172,939091,2.0
3827654235,939091,2.0
1219807037304885249,939091,2.0
797408396,939091,2.0
823992170768121857,939091,2.0
2750799759,939091,2.0
291336460,939091,2.0
800570658929262592,939091,2.0
34093672,939091,2.0
4459642286,939091,2.0
292083207,880589099140296704,2.0
2865907814,742736402102652929,2.0
281383605,21293089,2.0
829191420103766016,3827654235,2.0
471677441,3827654235,2.0
15771723,326756275,2.0
931286316,814979549503115264,2.0
51241418,269913457,2.0
25073877,63996778,2.0
454099919,895332348270661632,2.0
20640982,969269686130049025,2.0
216776631,80897255,2.0
292929271,1083467443647979521,2.0
2353605901,1083467443647979521,2.0
14839147,1083467443647979521,2.0
349115430,851751855487148032,2.0
1640929196,1148738277735895040,2.0
753367570669903873,1148738277735895040,2.0
2977031254,1148738277735895040,2.0
22307579,61734492,2.0
4872993094,41634520,2.0
967027984426242053,1649395076,2.0
21059255,468097166,2.0
707253890299744256,16740433,2.0
4870478255,357232722,2.0
63013144,2300454984,2.0
20640982,2300454984,2.0
72076895,766719206247108608,2.0
2228878592,832170559,2.0
236487888,2178932921,2.0
1073047860260814848,926859582302928896,2.0
967027984426242053,926859582302928896,2.0
33537967,814979549503115264,2.0
259001548,814979549503115264,2.0
25073877,814979549503115264,2.0
21059255,814979549503115264,2.0
357606935,2905369549,2.0
21059255,2905369549,2.0
727840825661661184,734768872625188864,2.0
33537967,468097166,2.0
216776631,4071896566,2.0
477012156,1078457644736827392,2.0
967027984426242053,2574904722,2.0
1127683471592296448,1091216816,2.0
357606935,1198635975251025924,2.0
900894056728940545,15976705,2.0
1086976130819809280,15976705,2.0
36807657,1148738277735895040,2.0
779476491092434944,1505915954,2.0
162301746,1505915954,2.0
2977031254,900894056728940545,2.0
123281100,900894056728940545,2.0
829191420103766016,3224321133,2.0
216776631,3224321133,2.0
357606935,3224321133,2.0
13900252,1122623265673891840,2.0
967027984426242053,767444621383311360,2.0
21059255,631816995,2.0
471677441,631816995,2.0
16959075,845348489777332229,2.0
357606935,46512964,2.0
21059255,325164172,2.0
357606935,1286506538,2.0
50769180,814979549503115264,2.0
814979549503115264,25202268,2.0
964658316021587970,25202268,2.0
1127683471592296448,25202268,2.0
707253890299744256,25202268,2.0
3885806474,1172545640360022019,2.0
34916539,4872993094,2.0
878247600096509952,4872993094,2.0
4900058284,25645203,2.0
33537967,330553026,2.0
1056234954458193920,2936492047,2.0
2865907814,50124767,2.0
357606935,50124767,2.0
829715365223682048,4771249940,2.0
21059255,1127347059676385280,2.0
236487888,1127347059676385280,2.0
292929271,1505915954,2.0
292929271,2801177472,2.0
113364160,521996289,2.0
810590628727914496,3128563494,2.0
846801440706351104,3128563494,2.0
357606935,3128563494,2.0
16582131,1383905040,2.0
1078457644736827392,1383905040,2.0
357606935,1383905040,2.0
21059255,896496644656685056,2.0
172511244,4872993094,2.0
1095406392662323200,758859209614041088,2.0
1073047860260814848,326098537,2.0
357606935,326098537,2.0
21059255,860654500431880192,2.0
1095406392662323200,279673090,2.0
1083467443647979521,25202268,2.0
341194704,1070785811396919297,2.0
357606935,534630009,2.0
349115430,282098746,2.0
1591400760,282098746,2.0
45399148,282098746,2.0
216776631,2986727763,2.0
967797299391983616,7027112,2.0
24970656,7027112,2.0
829191420103766016,967797299391983616,2.0
21522338,388383447,2.0
3141672447,388383447,2.0
429227921,388383447,2.0
813738086282694656,972180115252752384,2.0
357606935,2470055959,2.0
967027984426242053,1434240264,2.0
26637348,2500055300,2.0
291336460,63013144,2.0
31403779,49698134,2.0
125453969,21495530,2.0
1073047860260814848,2655144752,2.0
881998724720996353,4917550806,2.0
216776631,4917550806,2.0
113364160,4917550806,2.0
20640982,3191478638,2.0
4541535439,3345579826,2.0
1127683471592296448,292929271,2.0
1649395076,235784044,2.0
25073877,1001254470800424960,2.0
3930472251,804758133113397248,2.0
134971995,179732982,2.0
21059255,3191478638,2.0
4872993094,897607805334544388,2.0
15731757,4560567675,2.0
851751855487148032,32517688,2.0
27952164,32517688,2.0
1148738277735895040,1230524319102578688,2.0
22307579,1230524319102578688,2.0
804758133113397248,1230524319102578688,2.0
1148738277735895040,532774390,2.0
489716862,34860936,2.0
2977031254,34860936,2.0
164679813,820352025271468032,2.0
75063842,34860936,2.0
895332348270661632,15770620,2.0
246103,874323410,2.0
1127683471592296448,563712850,2.0
896496644656685056,1080477288955826176,2.0
21059255,534630009,2.0
818893114979061761,34860936,2.0
774699551764525056,25837289,2.0
3353061012,996859430900727808,2.0
15731757,34860936,2.0
818893114979061761,4560567675,2.0
46775436,34860936,2.0
744313625398108160,34860936,2.0
1225147380284018688,34860936,2.0
18509967,34860936,2.0
25073877,259001548,2.0
160244947,27493883,2.0
203649189,15770620,2.0
2800581040,727614725882662912,2.0
1073047860260814848,865602530574688257,2.0
236487888,865602530574688257,2.0
779742611628175360,4560567675,2.0
744313625398108160,4560567675,1.0
26637348,1095406392662323200,1.0
357606935,281383605,1.0
21059255,281383605,1.0
477012156,281383605,1.0
967027984426242053,281383605,1.0
2573480784,2421067430,1.0
25073877,3074932775,1.0
246103,3074932775,1.0
20068679,216776631,1.0
829816396469194752,864442399191420928,1.0
25073877,34860936,1.0
812135885328236551,240760644,1.0
774699551764525056,240760644,1.0
792096589191852033,240760644,1.0
1127683471592296448,240760644,1.0
811215353183424513,46775436,1.0
1001592024254971904,230014111,1.0
703069812050829313,230014111,1.0
16664309,230014111,1.0
802584787,133081348,1.0
221609949,133081348,1.0
752037810,22879254,1.0
3400444895,22879254,1.0
727840825661661184,22879254,1.0
1159058331320901633,1036689453895610370,1.0
261852987,2655144752,1.0
16912124,2655144752,1.0
126901915,2655144752,1.0
27282113,2655144752,1.0
19084896,2655144752,1.0
2176138431,2655144752,1.0
75063842,4560567675,1.0
800570658929262592,121965768,1.0
123281100,121965768,1.0
160244947,121965768,1.0
21059255,121965768,1.0
972180115252752384,1218076646546333696,1.0
126901915,1218076646546333696,1.0
14270650,865602530574688257,1.0
800570658929262592,865602530574688257,1.0
216776631,865602530574688257,1.0
357606935,865602530574688257,1.0
967027984426242053,865602530574688257,1.0
752248514,111664523,1.0
27493883,111664523,1.0
1056234954458193920,230014111,1.0
802584787,230014111,1.0
221609949,230014111,1.0
160244947,4751330773,1.0
357606935,4751330773,1.0
4917550806,742453163098296320,1.0
24127811,742453163098296320,1.0
823998756655861760,742453163098296320,1.0
357606935,849448663546040320,1.0
711408636153561088,849448663546040320,1.0
22879254,727614725882662912,1.0
3421301013,727614725882662912,1.0
1018697824282656768,727614725882662912,1.0
19084896,727614725882662912,1.0
164679813,727614725882662912,1.0
25974425,727614725882662912,1.0
1073047860260814848,727614725882662912,1.0
471677441,727614725882662912,1.0
33537967,121965768,1.0
4459642286,1098382485296173056,1.0
43014978,1098382485296173056,1.0
477012156,1098382485296173056,1.0
25073877,760293057929420803,1.0
16912124,849448663546040320,1.0
2977031254,849448663546040320,1.0
16581604,849448663546040320,1.0
471677441,2655144752,1.0
477012156,2655144752,1.0
967027984426242053,2655144752,1.0
1001592024254971904,194071815,1.0
16664309,194071815,1.0
4751330773,617266600,1.0
437171587,617266600,1.0
1586031511,4751330773,1.0
125453969,4751330773,1.0
327862439,63013144,1.0
72076895,234865212,1.0
27952164,49698134,1.0
818246053468262401,15879633,1.0
2977031254,569526862,1.0
4459642286,569526862,1.0
20640982,569526862,1.0
1078457644736827392,569526862,1.0
16912124,21495530,1.0
800570658929262592,21495530,1.0
126901915,21495530,1.0
477012156,21495530,1.0
3930472251,1098382485296173056,1.0
489716862,1098382485296173056,1.0
454099919,1098382485296173056,1.0
2977031254,1098382485296173056,1.0
125453969,134971995,1.0
216776631,134971995,1.0
949934436,134971995,1.0
212657985,90803598,1.0
811514954159443968,90803598,1.0
2674458072,90803598,1.0
21862217,90803598,1.0
16912124,4771610420,1.0
918302785011093504,4771610420,1.0
454099919,1086976130819809280,1.0
829191420103766016,1086976130819809280,1.0
20640982,1086976130819809280,1.0
1073047860260814848,1086976130819809280,1.0
21059255,1086976130819809280,1.0
3383116294,63013144,1.0
2574904722,63013144,1.0
4900058284,820352025271468032,1.0
357606935,820352025271468032,1.0
477012156,820352025271468032,1.0
1098382485296173056,2833177377,1.0
2470055959,2833177377,1.0
1078457644736827392,2833177377,1.0
626455898,3296142256,1.0
860654500431880192,3296142256,1.0
33537967,2389738746,1.0
454099919,2389738746,1.0
78231411,2389738746,1.0
20640982,2389738746,1.0
2800581040,2389738746,1.0
477012156,2389738746,1.0
49698134,134971995,1.0
860654500431880192,134971995,1.0
1078457644736827392,3191478638,1.0
4900058284,3191478638,1.0
437171587,297632458,1.0
230014111,1089233982422577152,1.0
2457340711,1089233982422577152,1.0
98992586,1089233982422577152,1.0
21612122,3345579826,1.0
23834525,3345579826,1.0
2176138431,3345579826,1.0
2228878592,3345579826,1.0
967027984426242053,3345579826,1.0
22879254,820352025271468032,1.0
2176138431,820352025271468032,1.0
2800581040,820352025271468032,1.0
27493883,820352025271468032,1.0
125453969,820352025271468032,1.0
399178595,828073846011949056,1.0
45399148,828073846011949056,1.0
477012156,828073846011949056,1.0
1086976130819809280,786179658,1.0
2977031254,786179658,1.0
75063842,786179658,1.0
357606935,786179658,1.0
1095406392662323200,742453163098296320,1.0
703069812050829313,742453163098296320,1.0
429227921,4917550806,1.0
761167885720956929,2192887524,1.0
21862217,2192887524,1.0
40907388,2192887524,1.0
385162111,3191478638,1.0
626455898,3191478638,1.0
27282113,3191478638,1.0
489716862,1099701111416442880,1.0
829191420103766016,1099701111416442880,1.0
2977031254,1099701111416442880,1.0
21059255,1099701111416442880,1.0
471677441,1099701111416442880,1.0
727614725882662912,21348880,1.0
260423814,485376798,1.0
125453969,485376798,1.0
4900058284,485376798,1.0
21059255,485376798,1.0
39308549,91882544,1.0
234865212,828073846011949056,1.0
16582131,828073846011949056,1.0
800570658929262592,828073846011949056,1.0
126901915,828073846011949056,1.0
1078457644736827392,828073846011949056,1.0
216776631,534630009,1.0
2573480784,534630009,1.0
1182346921920348161,534630009,1.0
949934436,534630009,1.0
1098382485296173056,857472736725155844,1.0
3074932775,857472736725155844,1.0
4917550806,21522338,1.0
1095406392662323200,21522338,1.0
16582131,63227112,1.0
357606935,63227112,1.0
967027984426242053,63227112,1.0
16497947,13900252,1.0
260423814,13900252,1.0
2865907814,13900252,1.0
21059255,13900252,1.0
63013144,1099701111416442880,1.0
172511244,1070785811396919297,1.0
2353605901,1070785811396919297,1.0
16582131,818870559069048833,1.0
896536097655853059,818870559069048833,1.0
20640982,818870559069048833,1.0
38979357,818870559069048833,1.0
160244947,818870559069048833,1.0
164679813,818870559069048833,1.0
798918201107251201,818870559069048833,1.0
4900058284,818870559069048833,1.0
33537967,534630009,1.0
17717593,534630009,1.0
126901915,534630009,1.0
19084896,534630009,1.0
27493883,534630009,1.0
164679813,534630009,1.0
259001548,936858992,1.0
327862439,14529929,1.0
2833177377,328756439,1.0
1218076646546333696,328756439,1.0
4459642286,328756439,1.0
813738086282694656,328756439,1.0
261852987,818870559069048833,1.0
477012156,3191478638,1.0
978864793477054465,897607805334544388,1.0
16581604,242849343,1.0
244655353,242849343,1.0
860654500431880192,242849343,1.0
4900058284,242849343,1.0
752037810,261852987,1.0
816652616625168388,1070785811396919297,1.0
449018696,1070785811396919297,1.0
21950364,804758133113397248,1.0
2800581040,804758133113397248,1.0
21059255,804758133113397248,1.0
711408636153561088,804758133113397248,1.0
477012156,804758133113397248,1.0
967027984426242053,804758133113397248,1.0
25645203,16721452,1.0
20640982,16721452,1.0
711408636153561088,16721452,1.0
325164172,824320363257413633,1.0
1034868411354861568,824320363257413633,1.0
20640982,824320363257413633,1.0
27493883,824320363257413633,1.0
269913457,17847906,1.0
2750799759,179732982,1.0
281383605,179732982,1.0
569526862,235784044,1.0
2470055959,235784044,1.0
398959876,235784044,1.0
727840825661661184,235784044,1.0
2176138431,235784044,1.0
1159058331320901633,235784044,1.0
63218422,235784044,1.0
33537967,2230551446,1.0
457743272,2230551446,1.0
226222147,2230551446,1.0
4900058284,2230551446,1.0
4165642155,992870137240764417,1.0
27493883,33913156,1.0
179732982,804758133113397248,1.0
2833177377,804758133113397248,1.0
27282113,804758133113397248,1.0
27493883,1434240264,1.0
711408636153561088,1434240264,1.0
1164013468854431744,2500055300,1.0
964658316021587970,2801177472,1.0
850543150909333505,851335608702189568,1.0
838976832,851335608702189568,1.0
3400444895,208828684,1.0
707253890299744256,292929271,1.0
33537967,30626499,1.0
4870478255,30626499,1.0
16581604,30626499,1.0
1078457644736827392,30626499,1.0
2176138431,30626499,1.0
21059255,30626499,1.0
351120282,22799251,1.0
2389738746,235784044,1.0
949934436,1099802447973773312,1.0
16912124,2470055959,1.0
20640982,2470055959,1.0
125453969,2470055959,1.0
4900058284,2470055959,1.0
16076032,388383447,1.0
216776631,388383447,1.0
21495530,349115430,1.0
21612122,349115430,1.0
63218422,349115430,1.0
235784044,1434240264,1.0
4870478255,1434240264,1.0
20640982,1434240264,1.0
27282113,1434240264,1.0
2176138431,1434240264,1.0
2800581040,1434240264,1.0
123281100,967797299391983616,1.0
75063842,967797299391983616,1.0
727840825661661184,766355890689675264,1.0
63218422,766355890689675264,1.0
133081348,388383447,1.0
1067293117,388383447,1.0
3257227629,388383447,1.0
376453771,1070785811396919297,1.0
1095406392662323200,850543150909333505,1.0
26637348,850543150909333505,1.0
727840825661661184,752248514,1.0
4459642286,972180115252752384,1.0
2918212191,1099802447973773312,1.0
703069812050829313,1099802447973773312,1.0
2228878592,1099802447973773312,1.0
16664309,1099802447973773312,1.0
38979357,25645203,1.0
1089233982422577152,142386580,1.0
947964830358622209,142386580,1.0
1651208408,2249531,1.0
714949505720823808,204444440,1.0
454447505,204444440,1.0
707253890299744256,204444440,1.0
235784044,282098746,1.0
78231411,282098746,1.0
19084896,282098746,1.0
125453969,282098746,1.0
742453163098296320,2986727763,1.0
1086976130819809280,7027112,1.0
3827654235,7027112,1.0
3930472251,967797299391983616,1.0
2977031254,967797299391983616,1.0
4900058284,896496644656685056,1.0
357606935,896496644656685056,1.0
711408636153561088,896496644656685056,1.0
707253890299744256,971796616213561344,1.0
2574904722,86129724,1.0
25073877,758729592672653312,1.0
351120282,106711386,1.0
21059255,2470055959,1.0
63996778,4872993094,1.0
2353605901,4872993094,1.0
1136709465082945538,4872993094,1.0
18266688,4872993094,1.0
731649894805463040,4872993094,1.0
1123329338,212657985,1.0
454447505,2852597261,1.0
15455253,2852597261,1.0
16664309,23903580,1.0
731649894805463040,16106584,1.0
328756439,1383905040,1.0
33537967,1383905040,1.0
160244947,1383905040,1.0
164679813,1383905040,1.0
2573480784,1383905040,1.0
1049171,1383905040,1.0
16912124,896496644656685056,1.0
96675300,896496644656685056,1.0
126901915,896496644656685056,1.0
16581604,896496644656685056,1.0
457743272,896496644656685056,1.0
2176138431,896496644656685056,1.0
160244947,896496644656685056,1.0
216776631,896496644656685056,1.0
2674458072,27187343,1.0
19080151,3017400805,1.0
16582131,3017400805,1.0
4870478255,3017400805,1.0
164679813,3017400805,1.0
21059255,3017400805,1.0
260423814,3128563494,1.0
2674458072,3128563494,1.0
2865907814,3128563494,1.0
160244947,3128563494,1.0
967027984426242053,3128563494,1.0
1056234954458193920,23903580,1.0
30706364,23903580,1.0
1198635975251025924,23903580,1.0
1001592024254971904,23903580,1.0
703069812050829313,23903580,1.0
798918201107251201,46512964,1.0
21059255,900894056728940545,1.0
1137033067128926214,830159625093783552,1.0
21862217,94076386,1.0
235784044,2540607781,1.0
20640982,2540607781,1.0
4900058284,2540607781,1.0
967027984426242053,2540607781,1.0
23903580,521996289,1.0
3316346737,521996289,1.0
111216929,521996289,1.0
170641465,521996289,1.0
2674458072,521996289,1.0
2300480005,521996289,1.0
21862217,521996289,1.0
4917550806,27187343,1.0
75063842,900894056728940545,1.0
246103,25645203,1.0
967027984426242053,25645203,1.0
978864793477054465,454513795,1.0
796899745889402880,454513795,1.0
3074932775,203649189,1.0
27493883,203649189,1.0
1073047860260814848,203649189,1.0
21059255,203649189,1.0
711408636153561088,203649189,1.0
967027984426242053,203649189,1.0
3383116294,3930472251,1.0
785287888833548289,3930472251,1.0
126901915,46512964,1.0
123281100,46512964,1.0
164679813,46512964,1.0
20068679,4771249940,1.0
21862217,4771249940,1.0
849448663546040320,1062510213918449664,1.0
15771723,24258355,1.0
78231411,1127347059676385280,1.0
20640982,1127347059676385280,1.0
457743272,1127347059676385280,1.0
123281100,1127347059676385280,1.0
1078457644736827392,1127347059676385280,1.0
164679813,1127347059676385280,1.0
798918201107251201,1127347059676385280,1.0
357606935,1127347059676385280,1.0
967027984426242053,1127347059676385280,1.0
816652616625168388,1505915954,1.0
818927131883356161,1505915954,1.0
18266688,1505915954,1.0
471677441,330553026,1.0
802584787,2936492047,1.0
33537967,50124767,1.0
454099919,50124767,1.0
864663235923820545,50124767,1.0
138168339,50124767,1.0
21059255,50124767,1.0
24258355,4771249940,1.0
94076386,4771249940,1.0
23903580,4771249940,1.0
142386580,4771249940,1.0
230014111,4771249940,1.0
742453163098296320,4771249940,1.0
1148461061999194112,4771249940,1.0
1026549584963747846,4771249940,1.0
216776631,4771249940,1.0
2865907814,832368258766434304,1.0
125453969,832368258766434304,1.0
2573480784,832368258766434304,1.0
357606935,832368258766434304,1.0
967027984426242053,832368258766434304,1.0
30626499,734783792502575105,1.0
823992170768121857,734783792502575105,1.0
21495530,21908201,1.0
46512964,21908201,1.0
727840825661661184,21908201,1.0
2574904722,21908201,1.0
20640982,330553026,1.0
918302785011093504,330553026,1.0
226222147,330553026,1.0
125453969,330553026,1.0
4900058284,330553026,1.0
2861436041,752037810,1.0
399178595,752037810,1.0
477012156,1078741623197048832,1.0
949934436,1078741623197048832,1.0
49698134,1184593454485200897,1.0
33537967,1184593454485200897,1.0
16581604,1184593454485200897,1.0
2865907814,1184593454485200897,1.0
21001599,1184593454485200897,1.0
477012156,1184593454485200897,1.0
50124767,1286506538,1.0
33537967,1286506538,1.0
454099919,1286506538,1.0
21001599,1286506538,1.0
204444440,1196133331433394177,1.0
260423814,832368258766434304,1.0
2573480784,1078741623197048832,1.0
357606935,1078741623197048832,1.0
21059255,1078741623197048832,1.0
471677441,1078741623197048832,1.0
4900058284,46512964,1.0
471677441,46512964,1.0
16582131,829816396469194752,1.0
454099919,829816396469194752,1.0
21950364,829816396469194752,1.0
21059255,829816396469194752,1.0
818893114979061761,325164172,1.0
477012156,325164172,1.0
33537967,752037810,1.0
126901915,752037810,1.0
226222147,752037810,1.0
27493883,752037810,1.0
2865907814,3041768317,1.0
752037810,1654453249,1.0
3400444895,1654453249,1.0
260423814,631816995,1.0
19084896,631816995,1.0
226222147,631816995,1.0
160244947,631816995,1.0
1073047860260814848,631816995,1.0
2573480784,631816995,1.0
325164172,934500442364559360,1.0
1089233982422577152,845348489777332229,1.0
90803598,845348489777332229,1.0
1198635975251025924,845348489777332229,1.0
33537967,1078741623197048832,1.0
20640982,1078741623197048832,1.0
226222147,1078741623197048832,1.0
4900058284,767444621383311360,1.0
21059255,767444621383311360,1.0
2421067430,1317738854,1.0
357606935,1317738854,1.0
33537967,47379354,1.0
714949505720823808,16523905,1.0
454447505,16523905,1.0
86129724,129264927,1.0
4870478255,129264927,1.0
78231411,129264927,1.0
164679813,129264927,1.0
477012156,129264927,1.0
967027984426242053,129264927,1.0
1099802447973773312,14278608,1.0
2228878592,14278608,1.0
454447505,44774107,1.0
949934436,1122623265673891840,1.0
235784044,962320061036933120,1.0
2977031254,962320061036933120,1.0
20640982,962320061036933120,1.0
27493883,962320061036933120,1.0
2861436041,962320061036933120,1.0
399178595,962320061036933120,1.0
1049171,962320061036933120,1.0
246103,962320061036933120,1.0
477012156,962320061036933120,1.0
949934436,962320061036933120,1.0
2249531,767444621383311360,1.0
800570658929262592,767444621383311360,1.0
19084896,767444621383311360,1.0
4541535439,767444621383311360,1.0
2421067430,767444621383311360,1.0
33537967,357232722,1.0
27493883,357232722,1.0
2573480784,357232722,1.0
21059255,357232722,1.0
471677441,357232722,1.0
949934436,357232722,1.0
1078457644736827392,1466174058,1.0
2199541,3224321133,1.0
800570658929262592,3224321133,1.0
1078457644736827392,3224321133,1.0
164679813,3224321133,1.0
21059255,3224321133,1.0
477012156,3224321133,1.0
1383905040,586749256,1.0
33537967,1122623265673891840,1.0
357606935,1122623265673891840,1.0
164679813,19038210,1.0
477012156,19038210,1.0
1121492192235806721,2805934129,1.0
2217145184,16912124,1.0
281383605,16912124,1.0
160244947,16912124,1.0
19084896,468097166,1.0
125453969,468097166,1.0
967027984426242053,468097166,1.0
3345579826,14702822,1.0
4459642286,187429137,1.0
521996289,753623149929869312,1.0
851335608702189568,753623149929869312,1.0
4917550806,753623149929869312,1.0
1026549584963747846,753623149929869312,1.0
16912124,357232722,1.0
888053122962149380,734768872625188864,1.0
2217145184,734768872625188864,1.0
1649395076,734768872625188864,1.0
63218422,734768872625188864,1.0
208828684,468097166,1.0
24578794,468097166,1.0
78231411,468097166,1.0
246103,752037810,1.0
21059255,752037810,1.0
437171587,260423814,1.0
34093672,260423814,1.0
21950364,260423814,1.0
829191420103766016,19038210,1.0
43014978,19038210,1.0
818893114979061761,19038210,1.0
327862439,19038210,1.0
226222147,68672927,1.0
125453969,68672927,1.0
4900058284,68672927,1.0
246103,68672927,1.0
711408636153561088,68672927,1.0
477012156,68672927,1.0
242849343,2420848054,1.0
129264927,734768872625188864,1.0
896496644656685056,734768872625188864,1.0
282098746,734768872625188864,1.0
766355890689675264,734768872625188864,1.0
1434240264,734768872625188864,1.0
818870559069048833,734768872625188864,1.0
21612122,734768872625188864,1.0
269913457,734768872625188864,1.0
3383116294,734768872625188864,1.0
236487888,14820509,1.0
260423814,2905369549,1.0
16912124,2905369549,1.0
33537967,2905369549,1.0
19084896,2905369549,1.0
2176138431,2905369549,1.0
21001599,2905369549,1.0
4541535439,2905369549,1.0
27493883,2905369549,1.0
160244947,2905369549,1.0
2573480784,2905369549,1.0
477012156,2905369549,1.0
967027984426242053,2905369549,1.0
454099919,68672927,1.0
126901915,68672927,1.0
2176138431,68672927,1.0
800570658929262592,832102581111382016,1.0
126901915,832102581111382016,1.0
226222147,832102581111382016,1.0
2865907814,832102581111382016,1.0
164679813,832102581111382016,1.0
4900058284,832102581111382016,1.0
357606935,832102581111382016,1.0
711408636153561088,832102581111382016,1.0
477012156,832102581111382016,1.0
967027984426242053,832102581111382016,1.0
4870478255,1073777869791191040,1.0
4476084275,1073777869791191040,1.0
38979357,1073777869791191040,1.0
967027984426242053,1073777869791191040,1.0
21612122,755835576,1.0
20866038,14820509,1.0
50124767,259863564,1.0
437171587,259863564,1.0
1123329338,259863564,1.0
357606935,259863564,1.0
3224321133,1101626341,1.0
631816995,1101626341,1.0
134971995,1101626341,1.0
437171587,1101626341,1.0
1123329338,1101626341,1.0
357606935,1101626341,1.0
816652616625168388,814979549503115264,1.0
1082197856,814979549503115264,1.0
226222147,814979549503115264,1.0
216776631,814979549503115264,1.0
33537967,832102581111382016,1.0
78231411,832102581111382016,1.0
75063842,3827654235,1.0
14542977,3827654235,1.0
2573480784,3827654235,1.0
21059255,1042951616,1.0
3345579826,101816065,1.0
21348880,246590464,1.0
21612122,246590464,1.0
393469195,246590464,1.0
25073877,246590464,1.0
759201588594499584,1659267216,1.0
796899745889402880,1659267216,1.0
14966163,326756275,1.0
2559436158,326756275,1.0
216776631,326756275,1.0
3224321133,259863564,1.0
631816995,259863564,1.0
617266600,1042951616,1.0
33537967,1042951616,1.0
3421301013,1042951616,1.0
78231411,1042951616,1.0
971051135996964864,1042951616,1.0
357606935,1042951616,1.0
1612071392,21293089,1.0
2865907814,21293089,1.0
1218605146462216193,21293089,1.0
4476084275,631310817,1.0
14828860,631310817,1.0
16930125,21612122,1.0
1866938882,3827654235,1.0
24578794,3827654235,1.0
2977031254,3827654235,1.0
918302785011093504,3827654235,1.0
160244947,926859582302928896,1.0
399178595,926859582302928896,1.0
246103,926859582302928896,1.0
21059255,926859582302928896,1.0
14820509,1099059530132946945,1.0
818870559069048833,1099059530132946945,1.0
828073846011949056,1099059530132946945,1.0
4476084275,1099059530132946945,1.0
880589099140296704,1049530141565698049,1.0
388383447,1049530141565698049,1.0
3141672447,1049530141565698049,1.0
216776631,880589099140296704,1.0
259863564,742736402102652929,1.0
187429137,742736402102652929,1.0
1122623265673891840,742736402102652929,1.0
226222147,742736402102652929,1.0
830159625093783552,426028646,1.0
797408396,426028646,1.0
1159058331320901633,426028646,1.0
830159625093783552,803091707361251328,1.0
234865212,803091707361251328,1.0
78231411,803091707361251328,1.0
1073047860260814848,803091707361251328,1.0
21059255,803091707361251328,1.0
477012156,803091707361251328,1.0
357606935,2178932921,1.0
586749256,14619600,1.0
2865907814,14619600,1.0
126901915,926859582302928896,1.0
2176138431,926859582302928896,1.0
226222147,926859582302928896,1.0
27493883,926859582302928896,1.0
1078457644736827392,22307579,1.0
2176138431,22307579,1.0
160244947,22307579,1.0
164679813,22307579,1.0
246103,22307579,1.0
471677441,22307579,1.0
711408636153561088,22307579,1.0
477012156,22307579,1.0
1062510213918449664,2771588954,1.0
4870478255,2771588954,1.0
2567365058,2771588954,1.0
832102581111382016,766719206247108608,1.0
967027984426242053,766719206247108608,1.0
1098382485296173056,402091536,1.0
19038210,402091536,1.0
2977031254,402091536,1.0
21059255,713839291210792960,1.0
16581604,2199541,1.0
4872993094,2298722492,1.0
454513795,959285851875196928,1.0
25073877,959285851875196928,1.0
179732982,2300454984,1.0
33537967,2300454984,1.0
454099919,2300454984,1.0
357606935,2300454984,1.0
471677441,2300454984,1.0
477012156,2300454984,1.0
949934436,2300454984,1.0
26346508,22307579,1.0
1062510213918449664,22307579,1.0
4870478255,22307579,1.0
126901915,22307579,1.0
376453771,1083467443647979521,1.0
16740433,1219799093024657408,1.0
26346508,851751855487148032,1.0
3421301013,851751855487148032,1.0
164679813,851751855487148032,1.0
21059255,851751855487148032,1.0
51241418,385162111,1.0
4459642286,385162111,1.0
1078457644736827392,385162111,1.0
758859209614041088,200534193,1.0
26637348,200534193,1.0
20640982,27952164,1.0
21001599,27952164,1.0
2573480784,27952164,1.0
967027984426242053,27952164,1.0
707253890299744256,50769180,1.0
2865907814,375691728,1.0
357606935,375691728,1.0
33537967,969269686130049025,1.0
1078457644736827392,969269686130049025,1.0
2176138431,969269686130049025,1.0
160244947,969269686130049025,1.0
164679813,969269686130049025,1.0
4900058284,969269686130049025,1.0
16740433,309469811,1.0
244655353,80897255,1.0
236487888,80897255,1.0
949934436,80897255,1.0
521996289,476193064,1.0
885661050,476193064,1.0
50769180,1083467443647979521,1.0
172511244,1083467443647979521,1.0
1122623265673891840,19682187,1.0
3041768317,19682187,1.0
832368258766434304,19682187,1.0
13900252,19682187,1.0
569526862,19682187,1.0
4751330773,19682187,1.0
1099802447973773312,19682187,1.0
895332348270661632,19682187,1.0
437171587,19682187,1.0
2750799759,19682187,1.0
1073047860260814848,4884213678,1.0
46512964,22799750,1.0
3400444895,22799750,1.0
259863564,375691728,1.0
1101626341,375691728,1.0
33537967,375691728,1.0
477012156,939091,1.0
4884213678,19682187,1.0
16582131,269913457,1.0
800570658929262592,269913457,1.0
27493883,269913457,1.0
4900058284,269913457,1.0
21059255,269913457,1.0
26637348,63996778,1.0
1056234954458193920,827546290221367297,1.0
126901915,895332348270661632,1.0
1034868411354861568,895332348270661632,1.0
20640982,895332348270661632,1.0
2567365058,895332348270661632,1.0
2176138431,895332348270661632,1.0
375691728,19682187,1.0
80897255,19682187,1.0
752037810,939091,1.0
895332348270661632,939091,1.0
818246053468262401,939091,1.0
398959876,939091,1.0
49303023,939091,1.0
3400444895,939091,1.0
24970656,939091,1.0
1221462414744596483,939091,1.0
888053122962149380,939091,1.0
1034868411354861568,939091,1.0
1018697824282656768,939091,1.0
779742611628175360,939091,1.0
918302785011093504,939091,1.0
601148702,939091,1.0
1651208408,939091,1.0
281383605,939091,1.0
4870478255,33537967,1.0
3383116294,33537967,1.0
824320363257413633,939091,1.0
328756439,939091,1.0
818870559069048833,939091,1.0
134971995,939091,1.0
1086976130819809280,939091,1.0
15879633,939091,1.0
569526862,939091,1.0
727614725882662912,939091,1.0
121965768,939091,1.0
22879254,939091,1.0
3191478638,939091,1.0
242849343,939091,1.0
25645203,939091,1.0
46512964,939091,1.0
129264927,939091,1.0
330553026,939091,1.0
349115430,939091,1.0
235784044,939091,1.0
2230551446,939091,1.0
2865907814,895332348270661632,1.0
21001599,895332348270661632,1.0
341194704,347627434,1.0
10292132,347627434,1.0
2353605901,347627434,1.0
25073877,347627434,1.0
4870478255,16582131,1.0
601148702,96675300,1.0
29073978,33537967,1.0
818246053468262401,33537967,1.0
823992170768121857,33537967,1.0
1214683688694427648,467726691,1.0
398959876,467726691,1.0
823992170768121857,467726691,1.0
291336460,467726691,1.0
3383116294,467726691,1.0
34093672,467726691,1.0
2347323266,467726691,1.0
753623149929869312,65045121,1.0
216776631,65045121,1.0
969269686130049025,939091,1.0
2300454984,939091,1.0
742736402102652929,939091,1.0
1042951616,939091,1.0
2905369549,939091,1.0
68672927,939091,1.0
767444621383311360,939091,1.0
918302785011093504,1214683688694427648,1.0
2865907814,1214683688694427648,1.0
4541535439,1214683688694427648,1.0
164679813,1214683688694427648,1.0
767444621383311360,467726691,1.0
1078741623197048832,467726691,1.0
330553026,467726691,1.0
534630009,467726691,1.0
2389738746,467726691,1.0
21495530,467726691,1.0
1098382485296173056,467726691,1.0
727614725882662912,467726691,1.0
242849343,467726691,1.0
203649189,467726691,1.0
829816396469194752,467726691,1.0
269913457,467726691,1.0
4900058284,3188352661,1.0
761167885720956929,4483083621,1.0
969269686130049025,467726691,1.0
803091707361251328,467726691,1.0
742736402102652929,467726691,1.0
14820509,467726691,1.0
34093672,33537967,1.0
785287888833548289,33537967,1.0
477012156,33537967,1.0
2865907814,437171587,1.0
1073047860260814848,437171587,1.0
4900058284,437171587,1.0
626455898,1214683688694427648,1.0
896536097655853059,1214683688694427648,1.0
126901915,1214683688694427648,1.0
16581604,1214683688694427648,1.0
2977031254,3885806474,1.0
75063842,3885806474,1.0
939091,17204460,1.0
3191478638,17204460,1.0
800570658929262592,17204460,1.0
129264927,2501984838,1.0
2750799759,2501984838,1.0
454513795,528999980,1.0
14828860,528999980,1.0
962320061036933120,16873455,1.0
967797299391983616,16873455,1.0
804758133113397248,16873455,1.0
46512964,16873455,1.0
826226272418283520,3188352661,1.0
20640982,3188352661,1.0
17243913,3188352661,1.0
848390172450443270,88802201,1.0
2833177377,1549651490,1.0
260423814,1549651490,1.0
2176138431,1549651490,1.0
125453969,1549651490,1.0
216776631,1549651490,1.0
4900058284,1549651490,1.0
21059255,1549651490,1.0
711408636153561088,1549651490,1.0
824320363257413633,313037820,1.0
896536097655853059,313037820,1.0
2865907814,313037820,1.0
357606935,313037820,1.0
3103213542,313037820,1.0
893316758987128833,3885806474,1.0
1866938882,3885806474,1.0
2977031254,1000075108491382784,1.0
43014978,1000075108491382784,1.0
818893114979061761,1000075108491382784,1.0
827546290221367297,88802201,1.0
2573480784,1214683688694427648,1.0
357606935,1214683688694427648,1.0
888053122962149380,3421301013,1.0
918302785011093504,837420063351259140,1.0
357606935,837420063351259140,1.0
21059255,837420063351259140,1.0
27282113,454099919,1.0
3141672447,15771723,1.0
429227921,15771723,1.0
3430882365,15771723,1.0
216776631,15771723,1.0
21862217,15771723,1.0
33537967,169472184,1.0
20866038,169472184,1.0
2228878592,169472184,1.0
798918201107251201,169472184,1.0
357606935,169472184,1.0
477012156,169472184,1.0
454513795,817158775610179584,1.0
25073877,817158775610179584,1.0
939091,817825066993860608,1.0
22307579,817825066993860608,1.0
766355890689675264,817825066993860608,1.0
752248514,817825066993860608,1.0
126901915,817825066993860608,1.0
160244947,817825066993860608,1.0
7027112,1000075108491382784,1.0
829816396469194752,1000075108491382784,1.0
4900058284,1210594819497549825,1.0
18464266,2918212191,1.0
2535367145,2918212191,1.0
357606935,155933135,1.0
4917550806,945012234215755776,1.0
170641465,945012234215755776,1.0
1198635975251025924,945012234215755776,1.0
72076895,359080538,1.0
816736590412337158,158286198,1.0
1089233982422577152,68752979,1.0
15771723,68752979,1.0
2559436158,130557513,1.0
1612071392,130557513,1.0
703069812050829313,130557513,1.0
3383116294,220863206,1.0
208828684,169472184,1.0
1196133331433394177,1228353000390975489,1.0
259001548,1228353000390975489,1.0
19682187,155933135,1.0
260423814,155933135,1.0
226222147,155933135,1.0
40907388,15771723,1.0
51241418,1219807037304885249,1.0
16581604,1219807037304885249,1.0
2800581040,1219807037304885249,1.0
27493883,1219807037304885249,1.0
25073877,1219807037304885249,1.0
477012156,1219807037304885249,1.0
967027984426242053,1219807037304885249,1.0
21862217,823998756655861760,1.0
878980172342579200,1210594819497549825,1.0
20640982,1210594819497549825,1.0
2324708472,839132575310430208,1.0
779742611628175360,839132575310430208,1.0
21001599,839132575310430208,1.0
43014978,839132575310430208,1.0
3074932775,839132575310430208,1.0
477012156,839132575310430208,1.0
260423814,271932229,1.0
246590464,23022687,1.0
1286506538,188945540,1.0
94076386,188945540,1.0
23903580,188945540,1.0
829715365223682048,188945540,1.0
2865907814,188945540,1.0
21862217,188945540,1.0
16873455,391488297,1.0
1099802447973773312,1068285150641995776,1.0
2470055959,27943005,1.0
785287888833548289,27943005,1.0
357606935,27943005,1.0
426028646,754455561417089024,1.0
824320363257413633,754455561417089024,1.0
328756439,754455561417089024,1.0
2176138431,754455561417089024,1.0
21001599,754455561417089024,1.0
2421067430,754455561417089024,1.0
125453969,754455561417089024,1.0
817825066993860608,839132575310430208,1.0
19682187,839132575310430208,1.0
402091536,839132575310430208,1.0
1286506538,839132575310430208,1.0
857472736725155844,839132575310430208,1.0
1866938882,839132575310430208,1.0
477012156,51241418,1.0
341194704,964658316021587970,1.0
2353605901,964658316021587970,1.0
259001548,964658316021587970,1.0
19682187,615765636,1.0
260423814,615765636,1.0
78231411,615765636,1.0
2865907814,615765636,1.0
2228878592,615765636,1.0
169472184,44215023,1.0
839132575310430208,27943005,1.0
3885806474,27943005,1.0
3224321133,27943005,1.0
967797299391983616,27943005,1.0
1099701111416442880,27943005,1.0
1086976130819809280,27943005,1.0
1317738854,2863996955,1.0
20640982,811215353183424513,1.0
38979357,811215353183424513,1.0
4900058284,811215353183424513,1.0
477012156,811215353183424513,1.0
236487888,811215353183424513,1.0
3690888203,2918212191,1.0
216776631,2918212191,1.0
2300480005,2918212191,1.0
3141672447,1056234954458193920,1.0
216776631,1056234954458193920,1.0
29073978,51241418,1.0
4476084275,51241418,1.0
4459642286,51241418,1.0
864663235923820545,51241418,1.0
366498596,51241418,1.0
402091536,803774148338188289,1.0
829816396469194752,803774148338188289,1.0
27282113,803774148338188289,1.0
123281100,803774148338188289,1.0
21059255,803774148338188289,1.0
851751855487148032,2323448533,1.0
3827654235,2323448533,1.0
471677441,2323448533,1.0
964658316021587970,1060487274,1.0
4771249940,15970820,1.0
15771723,15970820,1.0
2559436158,15970820,1.0
1099701111416442880,20182089,1.0
246500501,1131542859902083072,1.0
357606935,1166889294801395718,1.0
742736402102652929,2863996955,1.0
477012156,797408396,1.0
816736590412337158,714949505720823808,1.0
14895030,774699551764525056,1.0
18266688,774699551764525056,1.0
17204460,59862199,1.0
926859582302928896,59862199,1.0
328756439,59862199,1.0
797408396,59862199,1.0
4476084275,59862199,1.0
63218422,59862199,1.0
281383605,59862199,1.0
1218605146462216193,59862199,1.0
21495530,4813986674,1.0
27943005,803774148338188289,1.0
220863206,803774148338188289,1.0
939091,803774148338188289,1.0
1172589774235938816,1071931879538884608,1.0
468097166,834081571493785600,1.0
767444621383311360,834081571493785600,1.0
2389738746,834081571493785600,1.0
25645203,834081571493785600,1.0
800570658929262592,29073978,1.0
226222147,29073978,1.0
14542977,29073978,1.0
27493883,29073978,1.0
138168339,29073978,1.0
4900058284,29073978,1.0
126901915,797408396,1.0
20640982,797408396,1.0
27493883,797408396,1.0
160244947,797408396,1.0
246103,797408396,1.0
2747374096,323599188,1.0
15771723,323599188,1.0
188945540,2747374096,1.0
1206356911,4432916014,1.0
246590464,4432916014,1.0
802584787,4432916014,1.0
2217145184,4432916014,1.0
881998724720996353,4432916014,1.0
408875175,4432916014,1.0
282098746,298109087,1.0
837420063351259140,1090642487268524032,1.0
888053122962149380,1090642487268524032,1.0
21862217,1206356911,1.0
3017400805,739844197935644672,1.0
785287888833548289,739844197935644672,1.0
2573480784,739844197935644672,1.0
15771723,22084427,1.0
2559436158,22084427,1.0
1067293117,22084427,1.0
1001592024254971904,22084427,1.0
20094409,3000889809,1.0
3885806474,3000889809,1.0
19038210,3000889809,1.0
837420063351259140,3000889809,1.0
739844197935644672,20094409,1.0
767444621383311360,20094409,1.0
534630009,20094409,1.0
727614725882662912,20094409,1.0
895332348270661632,20094409,1.0
457743272,20094409,1.0
802584787,48144950,1.0
4432916014,329115426,1.0
4751330773,402888514,1.0
242849343,402888514,1.0
19038210,402888514,1.0
27952164,402888514,1.0
269913457,402888514,1.0
33537967,402888514,1.0
29073978,402888514,1.0
291336460,402888514,1.0
4476084275,402888514,1.0
3383116294,402888514,1.0
888053122962149380,402888514,1.0
34093672,402888514,1.0
4432916014,22084427,1.0
521996289,22084427,1.0
1089233982422577152,22084427,1.0
90803598,22084427,1.0
1070785811396919297,15212187,1.0
63996778,15212187,1.0
15771723,1450298610,1.0
402888514,1154192584635551744,1.0
21293089,1154192584635551744,1.0
20094409,751283435382067202,1.0
1383905040,751283435382067202,1.0
754455561417089024,402888514,1.0
817825066993860608,402888514,1.0
19682187,402888514,1.0
962320061036933120,402888514,1.0
767444621383311360,402888514,1.0
1078741623197048832,402888514,1.0
804758133113397248,402888514,1.0
2389738746,402888514,1.0
121965768,402888514,1.0
800570658929262592,797932204168876032,1.0
19084896,797932204168876032,1.0
226222147,797932204168876032,1.0
4900058284,797932204168876032,1.0
896496644656685056,825829081866436608,1.0
19084896,825829081866436608,1.0
281383605,825829081866436608,1.0
803774148338188289,536904693,1.0
313037820,536904693,1.0
1042951616,536904693,1.0
68672927,536904693,1.0
1317738854,536904693,1.0
631816995,536904693,1.0
3017400805,536904693,1.0
896496644656685056,536904693,1.0
246590464,174751002,1.0
63013144,1151933252,1.0
125453969,1151933252,1.0
1073047860260814848,1151933252,1.0
2573480784,1151933252,1.0
4900058284,1151933252,1.0
3188352661,1129095209772552192,1.0
2230551446,1129095209772552192,1.0
21495530,1129095209772552192,1.0
63218422,1129095209772552192,1.0
4917550806,755057897583804416,1.0
1099802447973773312,755057897583804416,1.0
2559436158,755057897583804416,1.0
216776631,755057897583804416,1.0
19682187,797932204168876032,1.0
426028646,797932204168876032,1.0
454099919,797932204168876032,1.0
1166889294801395718,76837768,1.0
188945540,76837768,1.0
3885806474,76837768,1.0
1122623265673891840,76837768,1.0
47379354,76837768,1.0
388383447,76837768,1.0
3345579826,76837768,1.0
865602530574688257,76837768,1.0
1099802447973773312,76837768,1.0
2918212191,76837768,1.0
802584787,76837768,1.0
947964830358622209,76837768,1.0
473448810,76837768,1.0
16664309,76837768,1.0
402888514,1151933252,1.0
467726691,1151933252,1.0
45399148,398959876,1.0
21059255,398959876,1.0
477012156,398959876,1.0
126901915,49303023,1.0
786179658,115129636,1.0
1210594819497549825,115129636,1.0
2800444856,1139976128456617984,1.0
1071931879538884608,1139976128456617984,1.0
16106584,1139976128456617984,1.0
78231411,1139976128456617984,1.0
246500501,1139976128456617984,1.0
1164013468854431744,1139976128456617984,1.0
68752979,17050431,1.0
15771723,17050431,1.0
2918212191,17050431,1.0
473448810,17050431,1.0
2500055300,65497475,1.0
804758133113397248,65497475,1.0
3827654235,65497475,1.0
398959876,65497475,1.0
172511244,714949505720823808,1.0
393469195,714949505720823808,1.0
14828860,714949505720823808,1.0
731649894805463040,714949505720823808,1.0
17685258,714949505720823808,1.0
25073877,714949505720823808,1.0
226222147,818246053468262401,1.0
4900058284,818246053468262401,1.0
967027984426242053,818246053468262401,1.0
796899745889402880,779476491092434944,1.0
21001599,398959876,1.0
125453969,398959876,1.0
2230551446,15220768,1.0
485376798,15220768,1.0
21495530,15220768,1.0
242849343,15220768,1.0
2470055959,15220768,1.0
829816396469194752,15220768,1.0
27952164,15220768,1.0
2199541,15220768,1.0
1214683688694427648,15220768,1.0
823992170768121857,15220768,1.0
34093672,15220768,1.0
1151933252,65497475,1.0
803774148338188289,65497475,1.0
1000075108491382784,65497475,1.0
851751855487148032,65497475,1.0
50124767,65497475,1.0
3383116294,370519648,1.0
1649395076,370519648,1.0
88802201,45122898,1.0
216776631,45122898,1.0
1166889294801395718,1100182336132579329,1.0
188945540,1100182336132579329,1.0
216776631,1100182336132579329,1.0
797932204168876032,15220768,1.0
754455561417089024,15220768,1.0
1549651490,15220768,1.0
313037820,15220768,1.0
2905369549,15220768,1.0
357232722,15220768,1.0
631816995,15220768,1.0
1286506538,15220768,1.0
832368258766434304,15220768,1.0
16076032,802584787,1.0
2300480005,802584787,1.0
829191420103766016,884026348515115008,1.0
123281100,884026348515115008,1.0
707253890299744256,492833134,1.0
22307579,23554832,1.0
817158775610179584,822215673812119553,1.0
814979549503115264,822215673812119553,1.0
4710708974,822215673812119553,1.0
1505915954,822215673812119553,1.0
714949505720823808,822215673812119553,1.0
779476491092434944,822215673812119553,1.0
865602530574688257,370519648,1.0
4751330773,370519648,1.0
46512964,370519648,1.0
398959876,370519648,1.0
759511663116709888,818446043629101056,1.0
65497475,884026348515115008,1.0
115129636,884026348515115008,1.0
27943005,884026348515115008,1.0
63013144,884026348515115008,1.0
38979357,49303023,1.0
125453969,49303023,1.0
918302785011093504,823992170768121857,1.0
2861436041,823992170768121857,1.0
399178595,823992170768121857,1.0
246103,823992170768121857,1.0
21059255,823992170768121857,1.0
967027984426242053,823992170768121857,1.0
949934436,823992170768121857,1.0
419849905,802584787,1.0
3257227629,802584787,1.0
16581604,3400444895,1.0
918302785011093504,3400444895,1.0
244655353,3400444895,1.0
21950364,3400444895,1.0
2861436041,3400444895,1.0
402888514,738786290313920513,1.0
33537967,738786290313920513,1.0
27493883,738786290313920513,1.0
714949505720823808,817382752731463680,1.0
25073877,817382752731463680,1.0
169472184,818446043629101056,1.0
1000075108491382784,818446043629101056,1.0
80897255,818446043629101056,1.0
1184593454485200897,818446043629101056,1.0
900894056728940545,818446043629101056,1.0
1219807037304885249,818446043629101056,1.0
3017400805,825518870421180416,1.0
1434240264,825518870421180416,1.0
2230551446,825518870421180416,1.0
569526862,825518870421180416,1.0
437171587,825518870421180416,1.0
3074932775,1153872343275622402,1.0
1139976128456617984,21258337,1.0
519072324,802584787,1.0
949934436,802584787,1.0
24970656,878980172342579200,1.0
123281100,878980172342579200,1.0
16664309,3316346737,1.0
2865907814,2750799759,1.0
21001599,2750799759,1.0
125453969,2750799759,1.0
24578794,3400444895,1.0
802584787,466519303,1.0
969269686130049025,1093619068148559872,1.0
851751855487148032,1093619068148559872,1.0
3017400805,1093619068148559872,1.0
282098746,1093619068148559872,1.0
349115430,1093619068148559872,1.0
30626499,1093619068148559872,1.0
824320363257413633,1093619068148559872,1.0
21495530,1093619068148559872,1.0
203649189,1093619068148559872,1.0
837420063351259140,1093619068148559872,1.0
823992170768121857,1093619068148559872,1.0
2347323266,1093619068148559872,1.0
738786290313920513,825518870421180416,1.0
926859582302928896,825518870421180416,1.0
2905369549,825518870421180416,1.0
3296142256,435331179,1.0
4917550806,435331179,1.0
1099802447973773312,435331179,1.0
823998756655861760,435331179,1.0
3316346737,435331179,1.0
1148461061999194112,435331179,1.0
1198635975251025924,435331179,1.0
761167885720956929,435331179,1.0
803774148338188289,1685873604,1.0
1000075108491382784,1685873604,1.0
3885806474,1685873604,1.0
203649189,1685873604,1.0
46512964,1685873604,1.0
3383116294,1685873604,1.0
1196133331433394177,143169070,1.0
454447505,143169070,1.0
3885806474,15115280,1.0
3224321133,15115280,1.0
967797299391983616,15115280,1.0
1086976130819809280,15115280,1.0
2655144752,15115280,1.0
3930472251,15115280,1.0
3827654235,15115280,1.0
785287888833548289,15115280,1.0
123281100,15115280,1.0
1649395076,15115280,1.0
4900058284,15115280,1.0
4483083621,435331179,1.0
814979549503115264,435331179,1.0
1122623265673891840,435331179,1.0
388383447,435331179,1.0
485376798,435331179,1.0
24970656,1009577803304656896,1.0
759511663116709888,1009577803304656896,1.0
402888514,15115280,1.0
803774148338188289,15115280,1.0
839132575310430208,15115280,1.0
246103,3400444895,1.0
3141672447,2559436158,1.0
18464266,2559436158,1.0
829715365223682048,2559436158,1.0
881998724720996353,2559436158,1.0
2674458072,2559436158,1.0
2535367145,2559436158,1.0
16076032,2559436158,1.0
21862217,2559436158,1.0
796899745889402880,816736590412337158,1.0
21001599,829191420103766016,1.0
949934436,291336460,1.0
1083467443647979521,22203756,1.0
811215353183424513,1009577803304656896,1.0
1000075108491382784,1009577803304656896,1.0
3885806474,1009577803304656896,1.0
80897255,1009577803304656896,1.0
22307579,1009577803304656896,1.0
3224321133,1009577803304656896,1.0
1078741623197048832,1009577803304656896,1.0
967797299391983616,1009577803304656896,1.0
804758133113397248,1009577803304656896,1.0
1099701111416442880,1009577803304656896,1.0
786179658,1009577803304656896,1.0
3345579826,1009577803304656896,1.0
19038210,1009577803304656896,1.0
1210594819497549825,1009577803304656896,1.0
2470055959,166329578,1.0
19038210,166329578,1.0
804758133113397248,40353407,1.0
11134252,22203756,1.0
291336460,4870478255,1.0
4476084275,4870478255,1.0
78231411,4870478255,1.0
918302785011093504,4870478255,1.0
21059255,4870478255,1.0
3103213542,4870478255,1.0
16581604,291336460,1.0
1651522832,291336460,1.0
1078457644736827392,291336460,1.0
244655353,291336460,1.0
21059255,291336460,1.0
967027984426242053,291336460,1.0
121965768,18320938,1.0
19038210,18320938,1.0
2347323266,18320938,1.0
155933135,25387735,1.0
1612071392,25387735,1.0
68672927,255812611,1.0
1127683471592296448,2908170952,1.0
454447505,1218623947434024960,1.0
742736402102652929,7744592,1.0
129264927,7744592,1.0
1434240264,7744592,1.0
569526862,7744592,1.0
895332348270661632,7744592,1.0
4476084275,7744592,1.0
1172589774235938816,362028861,1.0
121965768,166329578,1.0
1214683688694427648,39245720,1.0
1196133331433394177,1234319262048714752,1.0
169472184,72664580,1.0
865602530574688257,72664580,1.0
1434240264,3589010426,1.0
24970656,3589010426,1.0
11134252,729676086632656900,1.0
774699551764525056,729676086632656900,1.0
259001548,729676086632656900,1.0
1139976128456617984,1130823729574010880,1.0
3885806474,33235771,1.0
804758133113397248,33235771,1.0
3345579826,33235771,1.0
3017400805,246357149,1.0
3885806474,18320938,1.0
3296142256,18320938,1.0
521996289,14372270,1.0
388383447,14372270,1.0
16664309,14372270,1.0
811215353183424513,1382330306,1.0
1000075108491382784,1382330306,1.0
804758133113397248,1382330306,1.0
1099701111416442880,1382330306,1.0
1098382485296173056,1382330306,1.0
203649189,1382330306,1.0
1219807037304885249,1382330306,1.0
1210594819497549825,1382330306,1.0
785287888833548289,1382330306,1.0
454447505,1382330306,1.0
47455112,39245720,1.0
133081348,39245720,1.0
21612122,39245720,1.0
2573480784,3383116294,1.0
21059255,3383116294,1.0
477012156,3383116294,1.0
216776631,1880725393,1.0
7744592,809586511331074048,1.0
402888514,809586511331074048,1.0
1042951616,809586511331074048,1.0
33537967,809586511331074048,1.0
1196133331433394177,49034507,1.0
755057897583804416,28901450,1.0
4771249940,28901450,1.0
454447505,818948638890217473,1.0
707253890299744256,818948638890217473,1.0
1196133331433394177,592730371,1.0
1360615250,592730371,1.0
466519303,14372270,1.0
1219807037304885249,108977933,1.0
492833134,1732089247,1.0
714949505720823808,1732089247,1.0
954845161309253632,1732089247,1.0
827934520112472065,93429412,1.0
16581604,24970656,1.0
123281100,24970656,1.0
21059255,24970656,1.0
20640982,4476084275,1.0
16581604,4476084275,1.0
38979357,4476084275,1.0
727840825661661184,4476084275,1.0
1078457644736827392,4476084275,1.0
226222147,3383116294,1.0
164679813,3383116294,1.0
1073047860260814848,3383116294,1.0
370519648,2502938032,1.0
15220768,2502938032,1.0
78231411,2502938032,1.0
800570658929262592,2502938032,1.0
226222147,2502938032,1.0
4900058284,2502938032,1.0
203649189,716750760734822400,1.0
2347323266,716750760734822400,1.0
3885806474,4486093643,1.0
3345579826,4486093643,1.0
269913457,26306441,1.0
437171587,26306441,1.0
888053122962149380,26306441,1.0
1218605146462216193,52701308,1.0
3885806474,108977933,1.0
3224321133,108977933,1.0
19038210,321774180,1.0
3827654235,321774180,1.0
1219807037304885249,321774180,1.0
2192887524,1208321980027547649,1.0
803091707361251328,2717961126,1.0
68672927,2717961126,1.0
2389738746,2717961126,1.0
569526862,2717961126,1.0
727614725882662912,2717961126,1.0
111664523,2717961126,1.0
3191478638,2717961126,1.0
786179658,753367570669903873,1.0
1000075108491382784,110466097,1.0
3827654235,110466097,1.0
435331179,2502938032,1.0
1093619068148559872,2502938032,1.0
896496644656685056,34785922,1.0
1434240264,34785922,1.0
969269686130049025,23318036,1.0
269913457,23318036,1.0
2750799759,23318036,1.0
884026348515115008,52631277,1.0
967797299391983616,52631277,1.0
804758133113397248,52631277,1.0
375691728,1106501,1.0
282098746,1106501,1.0
325164172,1106501,1.0
809586511331074048,815708250217840640,1.0
939091,815708250217840640,1.0
1151933252,321774180,1.0
1086976130819809280,321774180,1.0
325164172,321774180,1.0
3103213542,126901915,1.0
25073877,2985335882,1.0
1009577803304656896,1111636173099663360,1.0
65497475,1111636173099663360,1.0
402888514,1111636173099663360,1.0
939091,1111636173099663360,1.0
33537967,1111636173099663360,1.0
800570658929262592,1111636173099663360,1.0
2865907814,1111636173099663360,1.0
967027984426242053,1111636173099663360,1.0
326098537,276688330,1.0
1131542859902083072,2155027064,1.0
832170559,2155027064,1.0
1172589774235938816,2155027064,1.0
408875175,2155027064,1.0
1042951616,34785922,1.0
967797299391983616,455684839,1.0
3827654235,455684839,1.0
800570658929262592,896536097655853059,1.0
16930125,896536097655853059,1.0
1198635975251025924,78231411,1.0
34093672,800570658929262592,1.0
2977031254,800570658929262592,1.0
727840825661661184,800570658929262592,1.0
2217145184,16930125,1.0
759511663116709888,16930125,1.0
3430882365,3141672447,1.0
1198635975251025924,3141672447,1.0
216776631,3141672447,1.0
519072324,3141672447,1.0
888053122962149380,126901915,1.0
160244947,126901915,1.0
797932204168876032,26642006,1.0
17204460,26642006,1.0
804758133113397248,26642006,1.0
820352025271468032,26642006,1.0
2470055959,26642006,1.0
1083467443647979521,1073588049588772864,1.0
1505915954,1073588049588772864,1.0
803774148338188289,3058713120,1.0
164679813,3058713120,1.0
15771723,4866651125,1.0
1111636173099663360,919667724535648262,1.0
3885806474,919667724535648262,1.0
811215353183424513,455684839,1.0
169472184,455684839,1.0
80897255,455684839,1.0
900894056728940545,455684839,1.0
38979357,2217145184,1.0
2176138431,2217145184,1.0
27493883,2217145184,1.0
21059255,2217145184,1.0
797408396,14185317,1.0
967797299391983616,823558302290341888,1.0
1099701111416442880,823558302290341888,1.0
164679813,45592950,1.0
15220768,40735297,1.0
65497475,40735297,1.0
402888514,40735297,1.0
16497947,40735297,1.0
2228878592,40735297,1.0
755057897583804416,568412239,1.0
2192887524,568412239,1.0
2559436158,568412239,1.0
16873455,755057200901398528,1.0
19682187,755057200901398528,1.0
1099059530132946945,755057200901398528,1.0
21950364,755057200901398528,1.0
864663235923820545,755057200901398528,1.0
164679813,755057200901398528,1.0
4900058284,755057200901398528,1.0
16581604,888053122962149380,1.0
918302785011093504,888053122962149380,1.0
2176138431,888053122962149380,1.0
860654500431880192,888053122962149380,1.0
125453969,888053122962149380,1.0
164679813,888053122962149380,1.0
357606935,888053122962149380,1.0
246103,888053122962149380,1.0
20640982,2217145184,1.0
55080227,21891609,1.0
1000075108491382784,1204026067855519744,1.0
895332348270661632,1204026067855519744,1.0
1210594819497549825,1204026067855519744,1.0
24970656,1204026067855519744,1.0
3074932775,1204026067855519744,1.0
1111636173099663360,237845487,1.0
969269686130049025,237845487,1.0
2300454984,237845487,1.0
1286506538,237845487,1.0
786179658,237845487,1.0
865602530574688257,237845487,1.0
281383605,237845487,1.0
4270724112,755057200901398528,1.0
402888514,755057200901398528,1.0
48144950,755057200901398528,1.0
1121521087945162752,1060004673405489152,1.0
758859209614041088,1060004673405489152,1.0
321774180,862435303881023488,1.0
33235771,862435303881023488,1.0
18320938,862435303881023488,1.0
1009577803304656896,862435303881023488,1.0
2977031254,862435303881023488,1.0
43014978,862435303881023488,1.0
1153872343275622402,864487498935787520,1.0
3885806474,864487498935787520,1.0
939091,864487498935787520,1.0
1098382485296173056,864487498935787520,1.0
849448663546040320,864487498935787520,1.0
19038210,864487498935787520,1.0
398959876,864487498935787520,1.0
2500055300,21891609,1.0
820352025271468032,23314049,1.0
2865907814,23314049,1.0
2389738746,14660096,1.0
2655144752,14660096,1.0
21612122,14660096,1.0
823992170768121857,14660096,1.0
803774148338188289,36807657,1.0
839132575310430208,36807657,1.0
203649189,36807657,1.0
1219807037304885249,36807657,1.0
2502938032,329433192,1.0
15115280,329433192,1.0
811215353183424513,329433192,1.0
3191478638,329433192,1.0
46512964,329433192,1.0
713899036030345216,1060004673405489152,1.0
1612071392,20640982,1.0
246103,20640982,1.0
2567365058,759511663116709888,1.0
160244947,759511663116709888,1.0
738786290313920513,963223121363861504,1.0
1127347059676385280,963223121363861504,1.0
3345579826,963223121363861504,1.0
1098382485296173056,963223121363861504,1.0
437171587,963223121363861504,1.0
1651208408,963223121363861504,1.0
326098537,963223121363861504,1.0
1083467443647979521,202952121,1.0
25073877,202952121,1.0
375691728,23314049,1.0
468097166,23314049,1.0
3128563494,23314049,1.0
15220768,16475267,1.0
1122623265673891840,771152516,1.0
631816995,771152516,1.0
1286506538,771152516,1.0
15771723,771152516,1.0
3430882365,771152516,1.0
1111636173099663360,963223121363861504,1.0
727840825661661184,1034868411354861568,1.0
3103213542,1034868411354861568,1.0
21001599,34093672,1.0
967027984426242053,34093672,1.0
813738086282694656,4459642286,1.0
1651208408,4459642286,1.0
477012156,4459642286,1.0
967027984426242053,4459642286,1.0
1159058331320901633,1018720749929066497,1.0
4751330773,881564280180531200,1.0
33537967,881564280180531200,1.0
78231411,881564280180531200,1.0
1153872343275622402,207325070,1.0
3400444895,207325070,1.0
466519303,189376144,1.0
521996289,189376144,1.0
2986727763,189376144,1.0
1089233982422577152,189376144,1.0
4917550806,189376144,1.0
2918212191,189376144,1.0
3885806474,15731757,1.0
713899036030345216,120668752,1.0
22307579,1193004107759529986,1.0
325164172,1193004107759529986,1.0
125453969,1193004107759529986,1.0
4900058284,1164356807776702465,1.0
615765636,44177383,1.0
155933135,44177383,1.0
4884213678,44177383,1.0
1122623265673891840,44177383,1.0
3041768317,44177383,1.0
832368258766434304,44177383,1.0
3128563494,44177383,1.0
2389738746,44177383,1.0
46512964,44177383,1.0
823992170768121857,44177383,1.0
884026348515115008,1043517152278372353,1.0
1151933252,1043517152278372353,1.0
825518870421180416,881564280180531200,1.0
76837768,881564280180531200,1.0
839132575310430208,881564280180531200,1.0
839132575310430208,38029205,1.0
3885806474,38029205,1.0
3224321133,38029205,1.0
1086976130819809280,38029205,1.0
2750799759,2316383071,1.0
16475267,2382106993,1.0
4884213678,2382106993,1.0
832102581111382016,2382106993,1.0
468097166,2382106993,1.0
34093672,2382106993,1.0
1651208408,2382106993,1.0
1098382485296173056,823313834622468096,1.0
23314049,1164356807776702465,1.0
1009577803304656896,1164356807776702465,1.0
20640982,1164356807776702465,1.0
1073047860260814848,1164356807776702465,1.0
767444621383311360,20744708,1.0
14278608,20744708,1.0
1286506538,20744708,1.0
832368258766434304,20744708,1.0
50124767,20744708,1.0
3128563494,20744708,1.0
3345579826,20744708,1.0
4751330773,20744708,1.0
326098537,20744708,1.0
40735297,1523891821,1.0
1044296977859538944,1648203012,1.0
1098382485296173056,1648203012,1.0
385162111,1648203012,1.0
3103213542,1648203012,1.0
25387735,892219807,1.0
76837768,892219807,1.0
40735297,20178419,1.0
1154192584635551744,20178419,1.0
14619600,20178419,1.0
1099802447973773312,20178419,1.0
1612071392,20178419,1.0
281383605,20178419,1.0
14551462,836408868355846145,1.0
20744708,831319111414210560,1.0
15220768,831319111414210560,1.0
939091,831319111414210560,1.0
810590628727914496,831319111414210560,1.0
2865907814,831319111414210560,1.0
892219807,20744708,1.0
40735297,20744708,1.0
155933135,20744708,1.0
851751855487148032,20744708,1.0
3383116294,216065430,1.0
34093672,216065430,1.0
27282113,216065430,1.0
601148702,216065430,1.0
1612071392,216065430,1.0
40735297,246939630,1.0
4884213678,246939630,1.0
820352025271468032,246939630,1.0
569526862,246939630,1.0
437171587,246939630,1.0
29073978,246939630,1.0
34093672,246939630,1.0
1001254470800424960,58579942,1.0
714949505720823808,58579942,1.0
1139976128456617984,37190937,1.0
881564280180531200,20178419,1.0
10292132,792096589191852033,1.0
1127683471592296448,792096589191852033,1.0
779742611628175360,785287888833548289,1.0
226222147,785287888833548289,1.0
2421067430,785287888833548289,1.0
1286506538,216065430,1.0
832368258766434304,216065430,1.0
1383905040,216065430,1.0
2230551446,216065430,1.0
63227112,216065430,1.0
485376798,216065430,1.0
2389738746,216065430,1.0
4751330773,216065430,1.0
3191478638,216065430,1.0
1099802447973773312,216065430,1.0
437171587,216065430,1.0
402888514,216065430,1.0
155933135,216065430,1.0
742736402102652929,216065430,1.0
468097166,216065430,1.0
357232722,216065430,1.0
3224321133,216065430,1.0
1184593454485200897,216065430,1.0
164679813,759511663116709888,1.0
399178595,759511663116709888,1.0
25073877,759511663116709888,1.0
949934436,759511663116709888,1.0
21862217,18464266,1.0
226222147,23834525,1.0
279673090,838976832,1.0
1651208408,16581604,1.0
477012156,16581604,1.0
521996289,313663341,1.0
27187343,313663341,1.0
1089233982422577152,313663341,1.0
15771723,313663341,1.0
823998756655861760,313663341,1.0
30706364,313663341,1.0
65497475,809963614249619456,1.0
751283435382067202,809963614249619456,1.0
467726691,809963614249619456,1.0
934500442364559360,809963614249619456,1.0
33537967,809963614249619456,1.0
357606935,809963614249619456,1.0
21891609,216065430,1.0
755057200901398528,216065430,1.0
1111636173099663360,216065430,1.0
797932204168876032,216065430,1.0
1034868411354861568,40028863,1.0
1649395076,40028863,1.0
34093672,242883110,1.0
2502938032,16002085,1.0
437171587,16002085,1.0
2502938032,7860902,1.0
169472184,7860902,1.0
375691728,7860902,1.0
1184593454485200897,7860902,1.0
485376798,7860902,1.0
568412239,57039392,1.0
388383447,35516339,1.0
50124767,16113072,1.0
216065430,313663341,1.0
25387735,313663341,1.0
19682187,313663341,1.0
15771723,21635593,1.0
1056234954458193920,21635593,1.0
485376798,223166587,1.0
831319111414210560,40028863,1.0
755057200901398528,40028863,1.0
2502938032,40028863,1.0
926859582302928896,40028863,1.0
742736402102652929,40028863,1.0
357232722,40028863,1.0
330553026,40028863,1.0
2389738746,40028863,1.0
2655144752,40028863,1.0
269913457,40028863,1.0
29073978,40028863,1.0
818246053468262401,40028863,1.0
72076895,40028863,1.0
326098537,493714995,1.0
226222147,18018355,1.0
881564280180531200,1383272101,1.0
3345579826,1383272101,1.0
35516339,1148756502934540289,1.0
1166889294801395718,1148756502934540289,1.0
809963614249619456,15138822,1.0
216065430,15138822,1.0
435331179,15138822,1.0
1154192584635551744,15138822,1.0
34556109,15138822,1.0
2500055300,15138822,1.0
125453969,15138822,1.0
820352025271468032,926620369,1.0
3296142256,926620369,1.0
269913457,926620369,1.0
2470055959,349803020,1.0
46512964,349803020,1.0
325164172,349803020,1.0
895332348270661632,349803020,1.0
1649395076,349803020,1.0
1130823729574010880,62986634,1.0
2800444856,62986634,1.0
832170559,62986634,1.0
2228878592,62986634,1.0
809963614249619456,2845756735,1.0
1523891821,2845756735,1.0
615765636,2845756735,1.0
2500055300,2845756735,1.0
4884213678,493714995,1.0
2750799759,493714995,1.0
3383116294,493714995,1.0
1198635975251025924,429227921,1.0
18266688,3836008983,1.0
25073877,3836008983,1.0
454099919,52416576,1.0
1651522832,52416576,1.0
1073047860260814848,52416576,1.0
246103,52416576,1.0
477012156,52416576,1.0
1070785811396919297,26900055,1.0
15115280,349803020,1.0
767444621383311360,349803020,1.0
330553026,349803020,1.0
896496644656685056,349803020,1.0
818870559069048833,349803020,1.0
534630009,349803020,1.0
3191478638,349803020,1.0
40735297,965231053119148032,1.0
29073978,965231053119148032,1.0
18266688,778763106289758208,1.0
25073877,889543524055691264,1.0
1383272101,52416576,1.0
751283435382067202,52416576,1.0
327862439,2347323266,1.0
2535367145,170641465,1.0
1095406392662323200,170641465,1.0
160244947,2324708472,1.0
236487888,2324708472,1.0
357606935,1018697824282656768,1.0
25073877,1127683471592296448,1.0
2674458072,885661050,1.0
16959075,885661050,1.0
292083207,885661050,1.0
3074932775,927705228,1.0
63218422,1086663039095578624,1.0
939091,1080807139,1.0
20640982,1080807139,1.0
809963614249619456,15576928,1.0
40735297,15576928,1.0
4884213678,15576928,1.0
3041768317,15576928,1.0
2750799759,15576928,1.0
3383116294,15576928,1.0
326098537,15576928,1.0
29073978,213088974,1.0
120668752,4686170306,1.0
25073877,850411759190106112,1.0
1098382485296173056,801549353227841536,1.0
809963614249619456,965231053119148032,1.0
1123329338,794962652556443649,1.0
831319111414210560,4560982642,1.0
975448388,4560982642,1.0
851335608702189568,353432348,1.0
758859209614041088,353432348,1.0
26637348,353432348,1.0
1083467443647979521,1108472017144201216,1.0
1505915954,1108472017144201216,1.0
259001548,1108472017144201216,1.0
1210594819497549825,212391284,1.0
2347323266,212391284,1.0
3074932775,212391284,1.0
1009577803304656896,927705228,1.0
1000075108491382784,927705228,1.0
3827654235,927705228,1.0
785287888833548289,927705228,1.0
326098537,22843167,1.0
44177383,17434625,1.0
811215353183424513,774407512598704128,1.0
1549651490,774407512598704128,1.0
4884213678,774407512598704128,1.0
832368258766434304,774407512598704128,1.0
3128563494,774407512598704128,1.0
4751330773,774407512598704128,1.0
46512964,774407512598704128,1.0
291336460,774407512598704128,1.0
3383116294,774407512598704128,1.0
888053122962149380,774407512598704128,1.0
62986634,387980164,1.0
1139976128456617984,387980164,1.0
329115426,794962652556443649,1.0
3345579826,794962652556443649,1.0
829816396469194752,465046121,1.0
752037810,465046121,1.0
818246053468262401,465046121,1.0
759511663116709888,465046121,1.0
804758133113397248,817440474428542976,1.0
3345579826,817440474428542976,1.0
3383116294,817440474428542976,1.0
35516339,858136801537556480,1.0
313663341,858136801537556480,1.0
435331179,858136801537556480,1.0
76837768,858136801537556480,1.0
33537967,858136801537556480,1.0
3141672447,858136801537556480,1.0
55080227,858136801537556480,1.0
357606935,858136801537556480,1.0
402888514,22843167,1.0
155933135,465046121,1.0
169472184,465046121,1.0
313037820,465046121,1.0
80897255,465046121,1.0
742736402102652929,465046121,1.0
1122623265673891840,465046121,1.0
1286506538,465046121,1.0
330553026,465046121,1.0
1383905040,465046121,1.0
1434240264,465046121,1.0
534630009,465046121,1.0
13900252,465046121,1.0
485376798,465046121,1.0
1086976130819809280,465046121,1.0
242849343,465046121,1.0
1099802447973773312,465046121,1.0
4900058284,27282113,1.0
1078457644736827392,727840825661661184,1.0
16664309,881998724720996353,1.0
113364160,881998724720996353,1.0
477012156,918302785011093504,1.0
967027984426242053,918302785011093504,1.0
3191478638,33662614,1.0
1034868411354861568,33662614,1.0
1080807139,465046121,1.0
831319111414210560,465046121,1.0
40735297,465046121,1.0
1111636173099663360,465046121,1.0
2502938032,465046121,1.0
809586511331074048,465046121,1.0
797932204168876032,465046121,1.0
615765636,465046121,1.0
1612071392,14683257,1.0
792096589191852033,812135885328236551,1.0
755057200901398528,212445456,1.0
485376798,212445456,1.0
2502938032,33662614,1.0
811215353183424513,33662614,1.0
1184593454485200897,33662614,1.0
419849905,811514954159443968,1.0
703069812050829313,811514954159443968,1.0
27282113,457743272,1.0
21950364,457743272,1.0
864663235923820545,457743272,1.0
2865907814,457743272,1.0
4900058284,457743272,1.0
1078457644736827392,27282113,1.0
27493883,27282113,1.0
752037810,72198806,1.0
17243913,72198806,1.0
326098537,72198806,1.0
615765636,461720085,1.0
896496644656685056,461720085,1.0
15115280,35475290,1.0
3191478638,35475290,1.0
25073877,3981225735,1.0
40735297,795789,1.0
2535367145,2329697455,1.0
1071931879538884608,880485091969052673,1.0
2228878592,880485091969052673,1.0
313663341,14683257,1.0
16475267,14683257,1.0
615765636,14683257,1.0
1099802447973773312,14683257,1.0
895332348270661632,16072058,1.0
16475267,800942537083068416,1.0
40735297,800942537083068416,1.0
615765636,800942537083068416,1.0
2470055959,800942537083068416,1.0
895332348270661632,800942537083068416,1.0
888053122962149380,800942537083068416,1.0
831319111414210560,72198806,1.0
797932204168876032,72198806,1.0
1166889294801395718,72198806,1.0
169472184,72198806,1.0
814979549503115264,72198806,1.0
357232722,72198806,1.0
1122623265673891840,72198806,1.0
3128563494,72198806,1.0
485376798,72198806,1.0
1151933252,26657119,1.0
804758133113397248,26657119,1.0
16116288,14962779,1.0
896496644656685056,14962779,1.0
3041768317,15858853,1.0
1148756502934540289,1047214868473008129,1.0
188945540,1047214868473008129,1.0
631816995,1047214868473008129,1.0
521996289,1047214868473008129,1.0
40735297,4282171,1.0
1549651490,4282171,1.0
2905369549,4282171,1.0
631816995,4282171,1.0
437171587,4282171,1.0
1070785811396919297,2315698776,1.0
3345579826,16072058,1.0
794962652556443649,16370091,1.0
45122898,16370091,1.0
88802201,16370091,1.0
1111636173099663360,927751333247111168,1.0
3191478638,3194695945,1.0
895332348270661632,3194695945,1.0
23314049,25085537,1.0
62986634,292565344,1.0
1139976128456617984,292565344,1.0
2500055300,292565344,1.0
2228878592,292565344,1.0
569526862,302083418,1.0
818246053468262401,302083418,1.0
16475267,165511377,1.0
3041768317,165511377,1.0
2750799759,165511377,1.0
216065430,833490683503722496,1.0
237845487,833490683503722496,1.0
1009577803304656896,833490683503722496,1.0
402888514,833490683503722496,1.0
33537967,833490683503722496,1.0
244655353,833490683503722496,1.0
164679813,833490683503722496,1.0
25073877,833490683503722496,1.0
949934436,833490683503722496,1.0
1047214868473008129,828444718392627202,1.0
4866651125,828444718392627202,1.0
1099802447973773312,828444718392627202,1.0
18464266,828444718392627202,1.0
829715365223682048,828444718392627202,1.0
429227921,828444718392627202,1.0
75063842,828444718392627202,1.0
785287888833548289,1434535430,1.0
858136801537556480,15007149,1.0
831319111414210560,15007149,1.0
15115280,15007149,1.0
797932204168876032,15007149,1.0
27943005,15007149,1.0
839132575310430208,15007149,1.0
734768872625188864,15007149,1.0
282098746,15007149,1.0
3345579826,15007149,1.0
569526862,15007149,1.0
797408396,15007149,1.0
398959876,15007149,1.0
326098537,15007149,1.0
15858853,833490683503722496,1.0
801549353227841536,833490683503722496,1.0
378295286,1332630685,1.0
25073877,818927131883356161,1.0
113364160,2535367145,1.0
848390172450443270,2535367145,1.0
878247600096509952,4899354976,1.0
399178595,1651208408,1.0
200534193,460233029,1.0
838976832,460233029,1.0
1095406392662323200,460233029,1.0
2845756735,63262233,1.0
216065430,63262233,1.0
831319111414210560,63262233,1.0
832368258766434304,63262233,1.0
1099802447973773312,89257543,1.0
1099701111416442880,3090444435,1.0
3827654235,3090444435,1.0
50124767,50669520,1.0
1612071392,50669520,1.0
189376144,534675241,1.0
3141672447,534675241,1.0
3430882365,534675241,1.0
40735297,20736218,1.0
851335608702189568,460233029,1.0
711408636153561088,601148702,1.0
477012156,601148702,1.0
967027984426242053,601148702,1.0
1198635975251025924,3430882365,1.0
216776631,3430882365,1.0
18266688,454447505,1.0
731649894805463040,454447505,1.0
164679813,19084896,1.0
1218605146462216193,19084896,1.0
492833134,61015562,1.0
18266688,61015562,1.0
33537967,801468014285754368,1.0
1000075108491382784,3018812896,1.0
939091,3018812896,1.0
402091536,3018812896,1.0
3827654235,3018812896,1.0
785287888833548289,3018812896,1.0
803774148338188289,548384458,1.0
1099701111416442880,24931027,1.0
1383272101,964549422645424128,1.0
246939630,964549422645424128,1.0
1106501,964549422645424128,1.0
15162136,964549422645424128,1.0
19682187,964549422645424128,1.0
617266600,964549422645424128,1.0
26642006,13696,1.0
1184593454485200897,13696,1.0
125453969,13696,1.0
3827654235,20800248,1.0
1060004673405489152,3432209199,1.0
779476491092434944,901063185305882624,1.0
1127683471592296448,901063185305882624,1.0
796899745889402880,901063185305882624,1.0
16370091,18156757,1.0
40735297,18156757,1.0
1166889294801395718,18156757,1.0
13900252,18156757,1.0
216065430,124763921,1.0
771152516,124763921,1.0
76837768,124763921,1.0
975448388,124763921,1.0
23314049,15808765,1.0
797932204168876032,15808765,1.0
811215353183424513,15808765,1.0
4884213678,15808765,1.0
742736402102652929,15808765,1.0
468097166,15808765,1.0
1184593454485200897,15808765,1.0
1127347059676385280,15808765,1.0
2230551446,15808765,1.0
4751330773,15808765,1.0
1099802447973773312,15808765,1.0
398959876,15808765,1.0
888053122962149380,15808765,1.0
281383605,15808765,1.0
20736218,13696,1.0
216065430,13696,1.0
3191478638,1029833847637245952,1.0
19038210,1029833847637245952,1.0
1034868411354861568,1029833847637245952,1.0
817440474428542976,483605396,1.0
927705228,483605396,1.0
52631277,483605396,1.0
1086976130819809280,483605396,1.0
63013144,483605396,1.0
829816396469194752,483605396,1.0
2977031254,483605396,1.0
477012156,483605396,1.0
967027984426242053,483605396,1.0
196791424,1022225378054569984,1.0
216776631,1022225378054569984,1.0
964549422645424128,286476728,1.0
831319111414210560,15808765,1.0
4751330773,30354991,1.0
242849343,30354991,1.0
752037810,30354991,1.0
437171587,30354991,1.0
818246053468262401,30354991,1.0
398959876,30354991,1.0
17243913,30354991,1.0
1164356807776702465,234186830,1.0
738786290313920513,234186830,1.0
437171587,234186830,1.0
29073978,234186830,1.0
2750799759,234186830,1.0
1612071392,234186830,1.0
408875175,1210398164878024704,1.0
3188352661,1029833847637245952,1.0
328756439,1029833847637245952,1.0
754455561417089024,30354991,1.0
17204460,30354991,1.0
969269686130049025,30354991,1.0
2300454984,30354991,1.0
68672927,30354991,1.0
468097166,30354991,1.0
1317738854,30354991,1.0
47379354,30354991,1.0
129264927,30354991,1.0
1078741623197048832,30354991,1.0
1184593454485200897,30354991,1.0
832368258766434304,30354991,1.0
1127347059676385280,30354991,1.0
2230551446,30354991,1.0
534630009,30354991,1.0
865602530574688257,30354991,1.0
76837768,188793260,1.0
521996289,188793260,1.0
388383447,188793260,1.0
47455112,142490217,1.0
485376798,142490217,1.0
742453163098296320,142490217,1.0
1099802447973773312,142490217,1.0
823992170768121857,142490217,1.0
975448388,142490217,1.0
1612071392,142490217,1.0
212445456,30354991,1.0
52416576,30354991,1.0
809963614249619456,30354991,1.0
1106501,30354991,1.0
811215353183424513,30354991,1.0
615765636,30354991,1.0
68672927,150078976,1.0
129264927,150078976,1.0
934500442364559360,150078976,1.0
1286506538,150078976,1.0
50124767,150078976,1.0
1383905040,150078976,1.0
534630009,150078976,1.0
820352025271468032,150078976,1.0
865602530574688257,150078976,1.0
4751330773,150078976,1.0
242849343,150078976,1.0
2470055959,150078976,1.0
797408396,150078976,1.0
3400444895,150078976,1.0
326098537,150078976,1.0
329115426,820705814906339328,1.0
798918201107251201,2574904722,1.0
21059255,2574904722,1.0
949934436,2574904722,1.0
865602530574688257,14247236,1.0
829816396469194752,14247236,1.0
831319111414210560,150078976,1.0
881564280180531200,150078976,1.0
1111636173099663360,150078976,1.0
402888514,150078976,1.0
811215353183424513,150078976,1.0
754455561417089024,150078976,1.0
839132575310430208,150078976,1.0
969269686130049025,150078976,1.0
926859582302928896,150078976,1.0
742736402102652929,150078976,1.0
1042951616,150078976,1.0
738786290313920513,14247236,1.0
797932204168876032,14247236,1.0
811215353183424513,14247236,1.0
969269686130049025,14247236,1.0
1127347059676385280,14247236,1.0
45399148,1651208408,1.0
4900058284,1651208408,1.0
967027984426242053,1651208408,1.0
216776631,1148461061999194112,1.0
281383605,1078457644736827392,1.0
27493883,1078457644736827392,1.0
366498596,1078457644736827392,1.0
27493883,2176138431,1.0
1218605146462216193,2176138431,1.0
477012156,2176138431,1.0
27493883,2574904722,1.0
402091536,2169559673,1.0
1123329338,2169559673,1.0
313663341,123655512,1.0
216065430,299273962,1.0
849448663546040320,299273962,1.0
13900252,9589252,1.0
485376798,9589252,1.0
234186830,4071896566,1.0
163296200,4071896566,1.0
286476728,4071896566,1.0
15808765,4071896566,1.0
63262233,4071896566,1.0
302083418,4071896566,1.0
216065430,4071896566,1.0
435331179,4071896566,1.0
125453969,4071896566,1.0
969269686130049025,15554922,1.0
742736402102652929,15554922,1.0
485376798,15554922,1.0
1648203012,800463336630403072,1.0
969269686130049025,800463336630403072,1.0
1078741623197048832,800463336630403072,1.0
1127347059676385280,800463336630403072,1.0
155933135,59130623,1.0
169472184,59130623,1.0
742736402102652929,59130623,1.0
4751330773,59130623,1.0
4751330773,269448653,1.0
150078976,2169559673,1.0
30395567,2169559673,1.0
15220768,2169559673,1.0
1154192584635551744,2169559673,1.0
50124767,12354832,1.0
896496644656685056,12354832,1.0
828073846011949056,12354832,1.0
297632458,12354832,1.0
134971995,12354832,1.0
242849343,12354832,1.0
1099802447973773312,12354832,1.0
837420063351259140,12354832,1.0
818246053468262401,12354832,1.0
823992170768121857,12354832,1.0
975448388,12354832,1.0
3103213542,12354832,1.0
134971995,817523233859637249,1.0
1154192584635551744,1159585651110666246,1.0
975448388,1159585651110666246,1.0
124763921,15554922,1.0
1122623265673891840,260759782,1.0
50124767,260759782,1.0
3128563494,260759782,1.0
1099802447973773312,260759782,1.0
2470055959,260759782,1.0
964549422645424128,12354832,1.0
858136801537556480,12354832,1.0
15138822,12354832,1.0
40735297,12354832,1.0
2502938032,12354832,1.0
797932204168876032,12354832,1.0
402888514,12354832,1.0
969269686130049025,12354832,1.0
468097166,12354832,1.0
129264927,12354832,1.0
1286506538,12354832,1.0
818948638890217473,929072087880421376,1.0
25073877,929072087880421376,1.0
1060004673405489152,4735385897,1.0
1121521087945162752,4735385897,1.0
26637348,4735385897,1.0
63262233,842566801582178306,1.0
76837768,842566801582178306,1.0
521996289,842566801582178306,1.0
4917550806,842566801582178306,1.0
15771723,842566801582178306,1.0
473448810,842566801582178306,1.0
18464266,229552128,1.0
1060004673405489152,19553409,1.0
188945540,18534077,1.0
833490683503722496,260759782,1.0
1106501,260759782,1.0
4917550806,1136317807954731014,1.0
1099802447973773312,1136317807954731014,1.0
969269686130049025,171598736,1.0
1127683471592296448,18247062,1.0
23903580,17949565,1.0
388383447,17949565,1.0
2918212191,17949565,1.0
1549651490,1108416564238258176,1.0
4071896566,31058145,1.0
14619600,31058145,1.0
134971995,31058145,1.0
1099802447973773312,31058145,1.0
29073978,31058145,1.0
755057200901398528,181195680,1.0
811215353183424513,181195680,1.0
1383905040,60919240,1.0
2500055300,729874563073445888,1.0
1332630685,729874563073445888,1.0
703069812050829313,729874563073445888,1.0
755057897583804416,1129795903852875776,1.0
1100182336132579329,930882041566068742,1.0
134971995,20388490,1.0
31403779,20388490,1.0
1078741623197048832,1096797880583667713,1.0
30626499,1096797880583667713,1.0
837420063351259140,1096797880583667713,1.0
16370091,1055070224305807361,1.0
3430882365,1055070224305807361,1.0
975448388,1055070224305807361,1.0
76837768,14296273,1.0
1095406392662323200,14296273,1.0
16370091,1136317807954731014,1.0
1184593454485200897,2314055840,1.0
242849343,2314055840,1.0
18156757,154136730,1.0
20736218,154136730,1.0
207325070,154136730,1.0
846801440706351104,154136730,1.0
4884213678,112764405,1.0
1184593454485200897,226253646,1.0
896496644656685056,226253646,1.0
2347323266,226253646,1.0
738786290313920513,260449211,1.0
804758133113397248,260449211,1.0
34785922,71028123,1.0
1106501,71028123,1.0
47379354,71028123,1.0
27952164,71028123,1.0
21059255,326098537,1.0
236487888,326098537,1.0
3827654235,63514682,1.0
832368258766434304,1109276714864205824,1.0
3827654235,1109276714864205824,1.0
741977462028926976,14344823,1.0
1198635975251025924,39469575,1.0
2574904722,826882538467647488,1.0
4071896566,2314055840,1.0
1471293368,2314055840,1.0
881564280180531200,2314055840,1.0
2502938032,2314055840,1.0
1166889294801395718,2314055840,1.0
169472184,2314055840,1.0
80897255,2314055840,1.0
2905369549,2314055840,1.0
330553026,17442048,1.0
4751330773,17442048,1.0
797408396,17442048,1.0
1184593454485200897,61734492,1.0
759511663116709888,61734492,1.0
31403779,61734492,1.0
1127683471592296448,41634520,1.0
1612071392,1121492192235806721,1.0
138168339,1649395076,1.0
4900058284,1649395076,1.0
19362341,1144598168757293056,1.0
259001548,796899745889402880,1.0
14828860,796899745889402880,1.0
731649894805463040,796899745889402880,1.0
25073877,796899745889402880,1.0
21862217,2457340711,1.0
893316758987128833,1148738277735895040,1.0
489716862,1148738277735895040,1.0
829191420103766016,1148738277735895040,1.0
818893114979061761,1148738277735895040,1.0
3430882365,1332887239,1.0
375691728,18028893,1.0
3345579826,18028893,1.0
1099802447973773312,18028893,1.0
326098537,18028893,1.0
171598736,1074129612,1.0
569526862,1074129612,1.0
3383116294,1074129612,1.0
759511663116709888,963790885937995777,1.0
281383605,963790885937995777,1.0
1093774442264707072,18646108,1.0
814979549503115264,18646108,1.0
851751855487148032,108710418,1.0
832102581111382016,108710418,1.0
1383905040,108710418,1.0
134971995,108710418,1.0
281383605,212674482,1.0
849448663546040320,15976705,1.0
260423814,15976705,1.0
1649395076,15976705,1.0
20800248,1148738277735895040,1.0
3018812896,1148738277735895040,1.0
927705228,1148738277735895040,1.0
493714995,1148738277735895040,1.0
38029205,1148738277735895040,1.0
1382330306,1148738277735895040,1.0
1009577803304656896,1148738277735895040,1.0
179732982,1148738277735895040,1.0
828444718392627202,878403801987727360,1.0
521996289,878403801987727360,1.0
23903580,878403801987727360,1.0
1089233982422577152,878403801987727360,1.0
357606935,975448388,1.0
2865907814,1612071392,1.0
125453969,1612071392,1.0
1198635975251025924,2490427410,1.0
707253890299744256,4165642155,1.0
327862439,1198635975251025924,1.0
216776631,1198635975251025924,1.0
2300480005,1198635975251025924,1.0
21059255,1198635975251025924,1.0
40907388,1198635975251025924,1.0
18266688,162301746,1.0
15771723,878403801987727360,1.0
25073877,162301746,1.0
269405965,1159058331320901633,1.0
216776631,21905129,1.0
113364160,21905129,1.0
21862217,21905129,1.0
357606935,2865907814,1.0
2861436041,63218422,1.0
967027984426242053,63218422,1.0
236487888,63218422,1.0
731649894805463040,707253890299744256,1.0
376453771,707253890299744256,1.0
16076032,1095406392662323200,1.0
113364160,1095406392662323200,1.0
1070785811396919297,25202268,1.0
402091536,89887215,1.0
3827654235,1172545640360022019,1.0
236487888,471677441,1.0
2300480005,216776631,1.0
967027984426242053,477012156,1.0
477012156,711408636153561088,1.0
1193004107759529986,4560567675,1.0
949934436,3103213542,1.0
1169665468715716608,4560567675,1.0
967027984426242053,3103213542,1.0
40907388,703069812050829313,1.0
2573480784,125453969,1.0
848390172450443270,16664309,1.0
26637348,98992586,1.0
1218605146462216193,160244947,1.0
14551462,3690888203,1.0
21862217,14551462,1.0
399178595,1218605146462216193,1.0
246103,4560567675,1.0
477012156,27493883,1.0
967027984426242053,27493883,1.0
14551462,419849905,1.0
98992586,703069812050829313,1.0
3690888203,703069812050829313,1.0
21862217,703069812050829313,1.0
833490683503722496,89820928,1.0
2502938032,89820928,1.0
1172545640360022019,4560567675,1.0
1182346921920348161,1218605146462216193,1.0
477012156,1218605146462216193,1.0
967027984426242053,1218605146462216193,1.0
848390172450443270,2300480005,1.0
477012156,246103,1.0
967027984426242053,246103,1.0
